source_title,chunk_id,page,section,ingredient,ingredient_id,matched_text,scope_verified,linkage_type
Retinol and Retinyl Palmitate,cir_attachment:78339067-953f-de05-9d46-508a63ceca4c:40:Conclusion:0,40,Conclusion,Retinol,8f45539c-d042-45f6-acb1-2a654e954a76,retinol,True,NEW_DOCUMENT
Retinol and Retinyl Palmitate,cir_attachment:78339067-953f-de05-9d46-508a63ceca4c:40:Discussion:1,40,Discussion,Retinol,8f45539c-d042-45f6-acb1-2a654e954a76,retinol,True,NEW_DOCUMENT
"Final Report of the Safety Assessment of L-Ascorbic Acid, Calcium Ascorbate, Magnesium Ascorbate, Magnesium Ascorbyl Phosphate, Sodium Ascorbate, and Sodium Ascorbyl Phosphate as Used in Cosmetics",cir_attachment:d0ca1f11-8e74-ec11-8943-0022482f06a6:44:CLINICAL ASSESSMENT OF SAFETY:0,44,CLINICAL ASSESSMENT OF SAFETY,Ascorbic Acid,bf432576-e990-4b02-ac67-9d414af42d76,L-Ascorbic Acid,True,NEW_DOCUMENT
"Final Report of the Safety Assessment of L-Ascorbic Acid, Calcium Ascorbate, Magnesium Ascorbate, Magnesium Ascorbyl Phosphate, Sodium Ascorbate, and Sodium Ascorbyl Phosphate as Used in Cosmetics",cir_attachment:d0ca1f11-8e74-ec11-8943-0022482f06a6:45:CLINICAL ASSESSMENT OF SAFETY:1,45,CLINICAL ASSESSMENT OF SAFETY,Ascorbic Acid,bf432576-e990-4b02-ac67-9d414af42d76,L-Ascorbic Acid,True,NEW_DOCUMENT
"Final Report of the Safety Assessment of L-Ascorbic Acid, Calcium Ascorbate, Magnesium Ascorbate, Magnesium Ascorbyl Phosphate, Sodium Ascorbate, and Sodium Ascorbyl Phosphate as Used in Cosmetics",cir_attachment:d0ca1f11-8e74-ec11-8943-0022482f06a6:45:CLINICAL ASSESSMENT OF SAFETY:2,45,CLINICAL ASSESSMENT OF SAFETY,Ascorbic Acid,bf432576-e990-4b02-ac67-9d414af42d76,Ascorbic Acid,True,NEW_DOCUMENT
"Final Report of the Safety Assessment of L-Ascorbic Acid, Calcium Ascorbate, Magnesium Ascorbate, Magnesium Ascorbyl Phosphate, Sodium Ascorbate, and Sodium Ascorbyl Phosphate as Used in Cosmetics",cir_attachment:d0ca1f11-8e74-ec11-8943-0022482f06a6:45:CLINICAL ASSESSMENT OF SAFETY:3,45,CLINICAL ASSESSMENT OF SAFETY,Ascorbic Acid,bf432576-e990-4b02-ac67-9d414af42d76,Ascorbic Acid,True,NEW_DOCUMENT
"Final Report of the Safety Assessment of L-Ascorbic Acid, Calcium Ascorbate, Magnesium Ascorbate, Magnesium Ascorbyl Phosphate, Sodium Ascorbate, and Sodium Ascorbyl Phosphate as Used in Cosmetics",cir_attachment:d0ca1f11-8e74-ec11-8943-0022482f06a6:46:CLINICAL ASSESSMENT OF SAFETY:4,46,CLINICAL ASSESSMENT OF SAFETY,Ascorbic Acid,bf432576-e990-4b02-ac67-9d414af42d76,Ascorbic Acid,True,NEW_DOCUMENT
"Final Report of the Safety Assessment of L-Ascorbic Acid, Calcium Ascorbate, Magnesium Ascorbate, Magnesium Ascorbyl Phosphate, Sodium Ascorbate, and Sodium Ascorbyl Phosphate as Used in Cosmetics",cir_attachment:d0ca1f11-8e74-ec11-8943-0022482f06a6:46:CLINICAL ASSESSMENT OF SAFETY:5,46,CLINICAL ASSESSMENT OF SAFETY,Ascorbic Acid,bf432576-e990-4b02-ac67-9d414af42d76,L-Ascorbic Acid,True,NEW_DOCUMENT
"Final Report of the Safety Assessment of L-Ascorbic Acid, Calcium Ascorbate, Magnesium Ascorbate, Magnesium Ascorbyl Phosphate, Sodium Ascorbate, and Sodium Ascorbyl Phosphate as Used in Cosmetics",cir_attachment:d0ca1f11-8e74-ec11-8943-0022482f06a6:47:CLINICAL ASSESSMENT OF SAFETY:6,47,CLINICAL ASSESSMENT OF SAFETY,Ascorbic Acid,bf432576-e990-4b02-ac67-9d414af42d76,Ascorbic Acid,True,NEW_DOCUMENT
"Final Report of the Safety Assessment of L-Ascorbic Acid, Calcium Ascorbate, Magnesium Ascorbate, Magnesium Ascorbyl Phosphate, Sodium Ascorbate, and Sodium Ascorbyl Phosphate as Used in Cosmetics",cir_attachment:d0ca1f11-8e74-ec11-8943-0022482f06a6:47:CLINICAL ASSESSMENT OF SAFETY:7,47,CLINICAL ASSESSMENT OF SAFETY,Ascorbic Acid,bf432576-e990-4b02-ac67-9d414af42d76,Ascorbic Acid,True,NEW_DOCUMENT
"Final Report of the Safety Assessment of L-Ascorbic Acid, Calcium Ascorbate, Magnesium Ascorbate, Magnesium Ascorbyl Phosphate, Sodium Ascorbate, and Sodium Ascorbyl Phosphate as Used in Cosmetics",cir_attachment:d0ca1f11-8e74-ec11-8943-0022482f06a6:48:CLINICAL ASSESSMENT OF SAFETY:8,48,CLINICAL ASSESSMENT OF SAFETY,Ascorbic Acid,bf432576-e990-4b02-ac67-9d414af42d76,L-Ascorbic Acid,True,NEW_DOCUMENT
"Final Report of the Safety Assessment of L-Ascorbic Acid, Calcium Ascorbate, Magnesium Ascorbate, Magnesium Ascorbyl Phosphate, Sodium Ascorbate, and Sodium Ascorbyl Phosphate as Used in Cosmetics",cir_attachment:d0ca1f11-8e74-ec11-8943-0022482f06a6:48:CLINICAL ASSESSMENT OF SAFETY:9,48,CLINICAL ASSESSMENT OF SAFETY,Ascorbic Acid,bf432576-e990-4b02-ac67-9d414af42d76,Ascorbic Acid,True,NEW_DOCUMENT
"Final Report of the Safety Assessment of L-Ascorbic Acid, Calcium Ascorbate, Magnesium Ascorbate, Magnesium Ascorbyl Phosphate, Sodium Ascorbate, and Sodium Ascorbyl Phosphate as Used in Cosmetics",cir_attachment:d0ca1f11-8e74-ec11-8943-0022482f06a6:49:CLINICAL ASSESSMENT OF SAFETY:10,49,CLINICAL ASSESSMENT OF SAFETY,Ascorbic Acid,bf432576-e990-4b02-ac67-9d414af42d76,Ascorbic Acid,True,NEW_DOCUMENT
"Final Report of the Safety Assessment of L-Ascorbic Acid, Calcium Ascorbate, Magnesium Ascorbate, Magnesium Ascorbyl Phosphate, Sodium Ascorbate, and Sodium Ascorbyl Phosphate as Used in Cosmetics",cir_attachment:d0ca1f11-8e74-ec11-8943-0022482f06a6:49:CLINICAL ASSESSMENT OF SAFETY:11,49,CLINICAL ASSESSMENT OF SAFETY,Ascorbic Acid,bf432576-e990-4b02-ac67-9d414af42d76,Ascorbic Acid,True,NEW_DOCUMENT
"Final Report of the Safety Assessment of L-Ascorbic Acid, Calcium Ascorbate, Magnesium Ascorbate, Magnesium Ascorbyl Phosphate, Sodium Ascorbate, and Sodium Ascorbyl Phosphate as Used in Cosmetics",cir_attachment:d0ca1f11-8e74-ec11-8943-0022482f06a6:50:CLINICAL ASSESSMENT OF SAFETY:12,50,CLINICAL ASSESSMENT OF SAFETY,Ascorbic Acid,bf432576-e990-4b02-ac67-9d414af42d76,Ascorbic Acid,True,NEW_DOCUMENT
"Final Report of the Safety Assessment of L-Ascorbic Acid, Calcium Ascorbate, Magnesium Ascorbate, Magnesium Ascorbyl Phosphate, Sodium Ascorbate, and Sodium Ascorbyl Phosphate as Used in Cosmetics",cir_attachment:d0ca1f11-8e74-ec11-8943-0022482f06a6:50:CLINICAL ASSESSMENT OF SAFETY:13,50,CLINICAL ASSESSMENT OF SAFETY,Ascorbic Acid,bf432576-e990-4b02-ac67-9d414af42d76,Ascorbic Acid,True,NEW_DOCUMENT
"Final Report of the Safety Assessment of L-Ascorbic Acid, Calcium Ascorbate, Magnesium Ascorbate, Magnesium Ascorbyl Phosphate, Sodium Ascorbate, and Sodium Ascorbyl Phosphate as Used in Cosmetics",cir_attachment:d0ca1f11-8e74-ec11-8943-0022482f06a6:51:CLINICAL ASSESSMENT OF SAFETY:14,51,CLINICAL ASSESSMENT OF SAFETY,Ascorbic Acid,bf432576-e990-4b02-ac67-9d414af42d76,L-Ascorbic Acid,True,NEW_DOCUMENT
"Final Report of the Safety Assessment of L-Ascorbic Acid, Calcium Ascorbate, Magnesium Ascorbate, Magnesium Ascorbyl Phosphate, Sodium Ascorbate, and Sodium Ascorbyl Phosphate as Used in Cosmetics",cir_attachment:d0ca1f11-8e74-ec11-8943-0022482f06a6:51:CLINICAL ASSESSMENT OF SAFETY:15,51,CLINICAL ASSESSMENT OF SAFETY,Ascorbic Acid,bf432576-e990-4b02-ac67-9d414af42d76,Ascorbic Acid,True,NEW_DOCUMENT
"Final Report of the Safety Assessment of L-Ascorbic Acid, Calcium Ascorbate, Magnesium Ascorbate, Magnesium Ascorbyl Phosphate, Sodium Ascorbate, and Sodium Ascorbyl Phosphate as Used in Cosmetics",cir_attachment:d0ca1f11-8e74-ec11-8943-0022482f06a6:52:CLINICAL ASSESSMENT OF SAFETY:16,52,CLINICAL ASSESSMENT OF SAFETY,Ascorbic Acid,bf432576-e990-4b02-ac67-9d414af42d76,Ascorbic Acid,True,NEW_DOCUMENT
"Final Report of the Safety Assessment of L-Ascorbic Acid, Calcium Ascorbate, Magnesium Ascorbate, Magnesium Ascorbyl Phosphate, Sodium Ascorbate, and Sodium Ascorbyl Phosphate as Used in Cosmetics",cir_attachment:d0ca1f11-8e74-ec11-8943-0022482f06a6:54:DISCUSSION:17,54,DISCUSSION,Ascorbic Acid,bf432576-e990-4b02-ac67-9d414af42d76,L-Ascorbic Acid,True,NEW_DOCUMENT
"Final Report of the Safety Assessment of L-Ascorbic Acid, Calcium Ascorbate, Magnesium Ascorbate, Magnesium Ascorbyl Phosphate, Sodium Ascorbate, and Sodium Ascorbyl Phosphate as Used in Cosmetics",cir_attachment:d0ca1f11-8e74-ec11-8943-0022482f06a6:54:CONCLUSION:18,54,CONCLUSION,Ascorbic Acid,bf432576-e990-4b02-ac67-9d414af42d76,L-Ascorbic Acid,True,NEW_DOCUMENT
"Final Report of the Safety Assessment of L-Ascorbic Acid, Calcium Ascorbate, Magnesium Ascorbate, Magnesium Ascorbyl Phosphate, Sodium Ascorbate, and Sodium Ascorbyl Phosphate as Used in Cosmetics",cir_attachment:d0ca1f11-8e74-ec11-8943-0022482f06a6:54:CONCLUSION:18,54,CONCLUSION,Sodium Ascorbyl Phosphate,f3761c63-d931-420d-8cb2-eecf9d787631,Sodium Ascorbyl Phosphate,True,NEW_DOCUMENT
Amended Safety Assessment of Salicylic Acid and Salicylates as Used in Cosmetics,cir_attachment:f8f3e083-2ca8-b5b4-b338-aa3ca6da8825:42:Clinical Studies:0,42,Clinical Studies,Salicylic Acid,5c3fa47f-b797-452c-bc86-04a872aa3f71,Salicylic Acid,True,NEW_DOCUMENT
Amended Safety Assessment of Salicylic Acid and Salicylates as Used in Cosmetics,cir_attachment:f8f3e083-2ca8-b5b4-b338-aa3ca6da8825:42:Clinical Studies:1,42,Clinical Studies,Salicylic Acid,5c3fa47f-b797-452c-bc86-04a872aa3f71,Salicylic Acid,True,NEW_DOCUMENT
Amended Safety Assessment of Salicylic Acid and Salicylates as Used in Cosmetics,cir_attachment:f8f3e083-2ca8-b5b4-b338-aa3ca6da8825:43:Clinical Studies:2,43,Clinical Studies,Salicylic Acid,5c3fa47f-b797-452c-bc86-04a872aa3f71,Salicylic Acid,True,NEW_DOCUMENT
Amended Safety Assessment of Salicylic Acid and Salicylates as Used in Cosmetics,cir_attachment:f8f3e083-2ca8-b5b4-b338-aa3ca6da8825:43:Clinical Studies:3,43,Clinical Studies,Salicylic Acid,5c3fa47f-b797-452c-bc86-04a872aa3f71,Salicylic Acid,True,NEW_DOCUMENT
Amended Safety Assessment of Salicylic Acid and Salicylates as Used in Cosmetics,cir_attachment:f8f3e083-2ca8-b5b4-b338-aa3ca6da8825:44:Clinical Studies:4,44,Clinical Studies,Salicylic Acid,5c3fa47f-b797-452c-bc86-04a872aa3f71,Salicylic Acid,True,NEW_DOCUMENT
Amended Safety Assessment of Salicylic Acid and Salicylates as Used in Cosmetics,cir_attachment:f8f3e083-2ca8-b5b4-b338-aa3ca6da8825:49:Discussion:6,49,Discussion,Salicylic Acid,5c3fa47f-b797-452c-bc86-04a872aa3f71,Salicylic Acid,True,NEW_DOCUMENT
Amended Safety Assessment of Salicylic Acid and Salicylates as Used in Cosmetics,cir_attachment:f8f3e083-2ca8-b5b4-b338-aa3ca6da8825:49:Discussion:7,49,Discussion,Salicylic Acid,5c3fa47f-b797-452c-bc86-04a872aa3f71,Salicylic Acid,True,NEW_DOCUMENT
Amended Safety Assessment of Salicylic Acid and Salicylates as Used in Cosmetics,cir_attachment:f8f3e083-2ca8-b5b4-b338-aa3ca6da8825:49:Conclusion:8,49,Conclusion,Salicylic Acid,5c3fa47f-b797-452c-bc86-04a872aa3f71,Salicylic Acid,True,NEW_DOCUMENT
Safety Assessment of Adenosine as Used in Cosmetics,cir_attachment:cd3b62ad-1279-3043-bf9f-58ee259b08ba:10:Clinical Studies:0,10,Clinical Studies,Adenosine,e40cce63-507d-4752-aa9f-ec2319ed1542,Adenosine,True,NEW_DOCUMENT
Safety Assessment of Adenosine as Used in Cosmetics,cir_attachment:cd3b62ad-1279-3043-bf9f-58ee259b08ba:10:Clinical Studies:1,10,Clinical Studies,Adenosine,e40cce63-507d-4752-aa9f-ec2319ed1542,Adenosine,True,NEW_DOCUMENT
Safety Assessment of Adenosine as Used in Cosmetics,cir_attachment:cd3b62ad-1279-3043-bf9f-58ee259b08ba:11:Clinical Studies:2,11,Clinical Studies,Adenosine,e40cce63-507d-4752-aa9f-ec2319ed1542,Adenosine,True,NEW_DOCUMENT
Safety Assessment of Adenosine as Used in Cosmetics,cir_attachment:cd3b62ad-1279-3043-bf9f-58ee259b08ba:12:Discussion:3,12,Discussion,Adenosine,e40cce63-507d-4752-aa9f-ec2319ed1542,Adenosine,True,NEW_DOCUMENT
Safety Assessment of Adenosine as Used in Cosmetics,cir_attachment:cd3b62ad-1279-3043-bf9f-58ee259b08ba:12:Discussion:4,12,Discussion,Adenosine,e40cce63-507d-4752-aa9f-ec2319ed1542,Adenosine,True,NEW_DOCUMENT
Safety Assessment of Adenosine as Used in Cosmetics,cir_attachment:cd3b62ad-1279-3043-bf9f-58ee259b08ba:12:Conclusion:5,12,Conclusion,Adenosine,e40cce63-507d-4752-aa9f-ec2319ed1542,adenosine,True,NEW_DOCUMENT
Safety Assessment of Capryloyl Salicylic Acid as Used in Cosmetics,cir_attachment:995efb2f-f539-86e3-8575-19bea03f915e:13:Clinical Studies:0,13,Clinical Studies,Capryloyl Salicylic Acid,1e6a30aa-d018-4389-93fb-ac972c0f2f8f,Capryloyl Salicylic Acid,True,NEW_DOCUMENT
Safety Assessment of Capryloyl Salicylic Acid as Used in Cosmetics,cir_attachment:995efb2f-f539-86e3-8575-19bea03f915e:14:Clinical Studies:1,14,Clinical Studies,Capryloyl Salicylic Acid,1e6a30aa-d018-4389-93fb-ac972c0f2f8f,Capryloyl Salicylic Acid,True,NEW_DOCUMENT
Safety Assessment of Capryloyl Salicylic Acid as Used in Cosmetics,cir_attachment:995efb2f-f539-86e3-8575-19bea03f915e:16:Conclusion:2,16,Conclusion,Capryloyl Salicylic Acid,1e6a30aa-d018-4389-93fb-ac972c0f2f8f,Capryloyl Salicylic Acid,True,NEW_DOCUMENT
Safety Assessment of Hyaluronates as Used in Cosmetics,cir_attachment:dd27a62b-d988-9d8d-aaff-51a43716120d:12:DISCUSSION:3,12,DISCUSSION,Hydrolyzed Hyaluronic Acid,b10aeff6-fa34-4f6e-9f6e-2675ebc7a678,Hydrolyzed Hyaluronic Acid,True,EXISTING_DOCUMENT_REUSE
Safety Assessment of Hyaluronates as Used in Cosmetics,cir_attachment:dd27a62b-d988-9d8d-aaff-51a43716120d:13:CONCLUSION:6,13,CONCLUSION,Hydrolyzed Hyaluronic Acid,b10aeff6-fa34-4f6e-9f6e-2675ebc7a678,Hydrolyzed Hyaluronic Acid,True,EXISTING_DOCUMENT_REUSE
Safety Assessment of Hyaluronates as Used in Cosmetics,cir_attachment:dd27a62b-d988-9d8d-aaff-51a43716120d:12:DISCUSSION:3,12,DISCUSSION,Sodium Acetylated Hyaluronate,8083853c-8070-432e-baf8-ccdb20bef94b,Sodium Acetylated Hyaluronate,True,EXISTING_DOCUMENT_REUSE
Safety Assessment of Hyaluronates as Used in Cosmetics,cir_attachment:dd27a62b-d988-9d8d-aaff-51a43716120d:13:CONCLUSION:6,13,CONCLUSION,Sodium Acetylated Hyaluronate,8083853c-8070-432e-baf8-ccdb20bef94b,Sodium Acetylated Hyaluronate,True,EXISTING_DOCUMENT_REUSE
Safety Assessment of Hyaluronates as Used in Cosmetics,cir_attachment:dd27a62b-d988-9d8d-aaff-51a43716120d:12:DISCUSSION:3,12,DISCUSSION,Hydrolyzed Sodium Hyaluronate,09c1f435-8a40-4035-83e4-26e1bdb00e07,Hydrolyzed Sodium Hyaluronate,True,EXISTING_DOCUMENT_REUSE
Safety Assessment of Hyaluronates as Used in Cosmetics,cir_attachment:dd27a62b-d988-9d8d-aaff-51a43716120d:12:DISCUSSION:3,12,DISCUSSION,Potassium Hyaluronate,524a0419-b69d-4cc3-af02-347c9e2a0207,Potassium Hyaluronate,True,EXISTING_DOCUMENT_REUSE
Safety Assessment of Hyaluronates as Used in Cosmetics,cir_attachment:dd27a62b-d988-9d8d-aaff-51a43716120d:13:CONCLUSION:6,13,CONCLUSION,Potassium Hyaluronate,524a0419-b69d-4cc3-af02-347c9e2a0207,Potassium Hyaluronate,True,EXISTING_DOCUMENT_REUSE
Safety Assessment of Ceramides as Used in Cosmetics,cir_attachment:7a7dbaa1-8e74-ec11-8943-0022482f06a6:8:Conclusion:2,8,Conclusion,Ceramide AP,ff379bec-1ee4-4f8e-9407-e99d5c9cca5f,Ceramide AP,True,EXISTING_DOCUMENT_REUSE
Safety Assessment of Ceramides as Used in Cosmetics,cir_attachment:7a7dbaa1-8e74-ec11-8943-0022482f06a6:8:Conclusion:2,8,Conclusion,Ceramide EOP,3f32c6d8-afee-4f78-af50-83c4e972a1a9,Ceramide EOP,True,EXISTING_DOCUMENT_REUSE
Safety Assessment of Tocopherols and Tocotrienols as Used in Cosmetics,cir_attachment:297dbaa1-8e74-ec11-8943-0022482f06a6:31:Discussion:0,31,Discussion,Tocopheryl Acetate,7f204c2a-39f5-4d20-b993-2a5fcf50d776,tocopheryl acetate,True,EXISTING_DOCUMENT_REUSE
Safety Assessment of Tocopherols and Tocotrienols as Used in Cosmetics,cir_attachment:297dbaa1-8e74-ec11-8943-0022482f06a6:31:Discussion:1,31,Discussion,Tocopheryl Acetate,7f204c2a-39f5-4d20-b993-2a5fcf50d776,tocopheryl acetate,True,EXISTING_DOCUMENT_REUSE
