source_type,document_source_id,source_title,chunk_id,page,section,ingredient_id,ingredient_name,matched_text,scope_verified,linkage_type
pubmed_abstract,PMID:10021493,In vivo human skin permeability enhancement by oleic acid: a laser Doppler velocimetry study.,PMID:10021493:abstract:0,,abstract,578433aa-82cf-4857-ad6b-d6196300a219,Oleic Acid,,True,NEW_DOCUMENT
pubmed_abstract,PMID:10522500,Use of topical ascorbic acid and its effects on photodamaged skin topography.,PMID:10522500:abstract:0,,abstract,bf432576-e990-4b02-ac67-9d414af42d76,Ascorbic Acid,,True,NEW_DOCUMENT
pubmed_abstract,PMID:10965426,Effect of topically applied dexpanthenol on epidermal barrier function and stratum corneum hydration. Results of a human in vivo study.,PMID:10965426:abstract:0,,abstract,71c52574-f2b2-4fb2-a738-8bf0bc4cd7c5,Dexpanthenol,,True,NEW_DOCUMENT
pubmed_abstract,PMID:12190621,Effect of a lipid-rich emollient containing ceramide 3 in experimentally induced skin barrier dysfunction.,PMID:12190621:abstract:0,,abstract,c78dfd19-39f6-4b68-aac9-c59051713807,Ceramide NP,,True,NEW_DOCUMENT
pubmed_abstract,PMID:12562345,Clinical trial of bleaching treatment with 10% all-trans retinol gel.,PMID:12562345:abstract:0,,abstract,8f45539c-d042-45f6-acb1-2a654e954a76,Retinol,,True,NEW_DOCUMENT
pubmed_abstract,PMID:12823436,"Topical ascorbic acid on photoaged skin. Clinical, topographical and ultrastructural evaluation: double-blind study vs. placebo.",PMID:12823436:abstract:0,,abstract,bf432576-e990-4b02-ac67-9d414af42d76,Ascorbic Acid,,True,NEW_DOCUMENT
pubmed_abstract,PMID:1303072,A comparative study of gluconolactone versus benzoyl peroxide in the treatment of acne.,PMID:1303072:abstract:0,,abstract,435c3a54-86e4-4934-a706-e42dbb0f684a,Gluconolactone,,True,NEW_DOCUMENT
pubmed_abstract,PMID:14641355,"Efficacy of dexpanthenol in skin protection against irritation: a double-blind, placebo-controlled study.",PMID:14641355:abstract:0,,abstract,71c52574-f2b2-4fb2-a738-8bf0bc4cd7c5,Dexpanthenol,,True,NEW_DOCUMENT
pubmed_abstract,PMID:15022655,"Topical application of natural honey, beeswax and olive oil mixture for atopic dermatitis or psoriasis: partially controlled, single-blinded study.",PMID:15022655:abstract:0,,abstract,a1100045-b0da-49ce-8d66-42195f0d3b2f,Beeswax,,True,NEW_DOCUMENT
pubmed_abstract,PMID:15304189,A double-blind randomized trial of 5% ascorbic acid vs. 4% hydroquinone in melasma.,PMID:15304189:abstract:0,,abstract,bf432576-e990-4b02-ac67-9d414af42d76,Ascorbic Acid,,True,NEW_DOCUMENT
pubmed_abstract,PMID:15689218,"Bathing in a magnesium-rich Dead Sea salt solution improves skin barrier function, enhances skin hydration, and reduces inflammation in atopic dry skin.",PMID:15689218:abstract:0,,abstract,30922d12-a004-48c3-89a0-05beb2df6292,Sea Salt,,True,NEW_DOCUMENT
pubmed_abstract,PMID:16029679,Niacinamide: A B vitamin that improves aging facial skin appearance.,PMID:16029679:abstract:0,,abstract,93bd6d73-d9f2-460b-9b0e-1d99b0e7dbe4,Niacinamide,,True,NEW_DOCUMENT
pubmed_abstract,PMID:16766489,The effect of 2% niacinamide on facial sebum production.,PMID:16766489:abstract:0,,abstract,93bd6d73-d9f2-460b-9b0e-1d99b0e7dbe4,Niacinamide,,True,NEW_DOCUMENT
pubmed_abstract,PMID:17348991,Reduction in the appearance of facial hyperpigmentation by topical N-acetyl glucosamine.,PMID:17348991:abstract:0,,abstract,536a5712-cc8e-4a31-88b0-dff09d42124e,Acetyl Glucosamine,,True,NEW_DOCUMENT
pubmed_abstract,PMID:17515510,Improvement of naturally aged skin with vitamin A (retinol).,PMID:17515510:abstract:0,,abstract,8f45539c-d042-45f6-acb1-2a654e954a76,Retinol,,True,NEW_DOCUMENT
pubmed_abstract,PMID:18452433,Evaluation of the effects of a preparation containing asiaticoside on periocular wrinkles of human volunteers.,PMID:18452433:abstract:0,,abstract,12a76878-9453-49c9-994b-a70527551768,Asiaticoside,,True,NEW_DOCUMENT
pubmed_abstract,PMID:18503551,"Clinical, biometric and structural evaluation of the long-term effects of a topical treatment with ascorbic acid and madecassoside in photoaged human skin.",PMID:18503551:abstract:0,,abstract,1686c2b6-b430-4de8-9dab-aab190de2005,Madecassoside,,True,NEW_DOCUMENT
pubmed_abstract,PMID:19134126,"Comparison of clinical efficacies of sodium ascorbyl phosphate, retinol and their combination in acne treatment.",PMID:19134126:abstract:0,,abstract,f3761c63-d931-420d-8cb2-eecf9d787631,Sodium Ascorbyl Phosphate,,True,NEW_DOCUMENT
pubmed_abstract,PMID:19146601,Clinical tolerance and efficacy of capryloyl salicylic acid peel compared to a glycolic acid peel in subjects with fine lines/wrinkles and hyperpigmented skin.,PMID:19146601:abstract:0,,abstract,1e6a30aa-d018-4389-93fb-ac972c0f2f8f,Capryloyl Salicylic Acid,,True,NEW_DOCUMENT
pubmed_abstract,PMID:19239556,Effect of rosmarinic acid on atopic dermatitis.,PMID:19239556:abstract:0,,abstract,053b2c8b-8758-47a3-90d0-ee8afa07846a,Rosmarinic Acid,,True,NEW_DOCUMENT
pubmed_abstract,PMID:19753737,Dexpanthenol enhances skin barrier repair and reduces inflammation after sodium lauryl sulphate-induced irritation.,PMID:19753737:abstract:0,,abstract,71c52574-f2b2-4fb2-a738-8bf0bc4cd7c5,Dexpanthenol,,True,NEW_DOCUMENT
pubmed_abstract,PMID:19845667,"Reduction in the appearance of facial hyperpigmentation after use of moisturizers with a combination of topical niacinamide and N-acetyl glucosamine: results of a randomized, double-blind, vehicle-controlled trial.",PMID:19845667:abstract:0,,abstract,536a5712-cc8e-4a31-88b0-dff09d42124e,Acetyl Glucosamine,,True,NEW_DOCUMENT
pubmed_abstract,PMID:20642768,Whitening effect of alpha-bisabolol in Asian women subjects.,PMID:20642768:abstract:0,,abstract,00977f5f-82e8-4638-8281-7db1d8581d04,Bisabolol,,True,NEW_DOCUMENT
pubmed_abstract,PMID:21619548,Recent progresses in application of fullerenes in cosmetics.,PMID:21619548:abstract:0,,abstract,e520c83f-b45b-4e38-ad9e-dc6b124b135c,Fullerenes,,True,NEW_DOCUMENT
pubmed_abstract,PMID:23075568,Caffeine's mechanisms of action and its cosmetic use.,PMID:23075568:abstract:0,,abstract,0fae281a-731f-4fef-a6a7-1972fa265452,Caffeine,,True,NEW_DOCUMENT
pubmed_abstract,PMID:23545907,"Comparison of clindamycin 1% and benzoyl peroxide 5% gel to a novel composition containing salicylic acid, capryloyl salicylic acid, HEPES, glycolic acid, citric acid, and dioic acid in the treatment of acne vulgaris.",PMID:23545907:abstract:0,,abstract,1e6a30aa-d018-4389-93fb-ac972c0f2f8f,Capryloyl Salicylic Acid,,True,NEW_DOCUMENT
pubmed_abstract,PMID:24168559,Treatment of refractory melasma with combination of topical 5% magnesium ascorbyl phosphate and fluorescent pulsed light in Asian patients.,PMID:24168559:abstract:0,,abstract,963e6d7a-5a0e-445e-94ba-a62b5471a1e3,Magnesium Ascorbyl Phosphate,,True,NEW_DOCUMENT
pubmed_abstract,PMID:24509969,"The prophylactic use of a topical scar gel containing extract of Allium cepae, allantoin, and heparin improves symptoms and appearance of cesarean-section scars compared with untreated scars.",PMID:24509969:abstract:0,,abstract,c51f0352-5bbe-497b-9fab-133245c5a482,Allantoin,,True,NEW_DOCUMENT
pubmed_abstract,PMID:25876142,"Treatment of mild to moderate acne with a fixed combination of hydroxypinacolone retinoate, retinol glycospheres and papain glycospheres.",PMID:25876142:abstract:0,,abstract,c04b9cea-e0c7-4f24-a269-fd3ebd03121f,Hydroxypinacolone Retinoate,,True,NEW_DOCUMENT
pubmed_abstract,PMID:26206496,Safety and risk assessment of ceramide 3 in cosmetic products.,PMID:26206496:abstract:0,,abstract,c78dfd19-39f6-4b68-aac9-c59051713807,Ceramide NP,,True,NEW_DOCUMENT
pubmed_abstract,PMID:26346940,Rutin increases critical wavelength of systems containing a single UV filter and with good skin compatibility.,PMID:26346940:abstract:0,,abstract,ad67735e-cc43-4f93-b1b9-2f8d222985f7,Rutin,,True,NEW_DOCUMENT
pubmed_abstract,PMID:26831423,Comparing the effects of Bentonite & Calendula on the improvement of infantile diaper dermatitis: A randomized controlled trial.,PMID:26831423:abstract:0,,abstract,f744cb0a-3dc7-4116-9f7a-6002c725d3a6,Bentonite,,True,NEW_DOCUMENT
pubmed_abstract,PMID:26859648,"Comparative Evaluation of Efficacy and Tolerability of Glycolic Acid, Salicylic Mandelic Acid, and Phytic Acid Combination Peels in Melasma.",PMID:26859648:abstract:0,,abstract,3829d045-604a-4b6b-8465-ffe62c0ca88c,Mandelic Acid,,True,NEW_DOCUMENT
pubmed_abstract,PMID:26859648,"Comparative Evaluation of Efficacy and Tolerability of Glycolic Acid, Salicylic Mandelic Acid, and Phytic Acid Combination Peels in Melasma.",PMID:26859648:abstract:0,,abstract,266d2b23-fc31-483b-90cd-163ca93c68ab,Phytic Acid,,True,NEW_DOCUMENT
pubmed_abstract,PMID:27325103,Effects of topical application of B-Resorcinol and Glycyrrhetinic acid monotherapy and in combination with fractional CO2 laser treatment for benign hand hyperpigmentation treatment.,PMID:27325103:abstract:0,,abstract,ee073ef1-9f4c-4dc3-93e5-cc471fab98f4,Glycyrrhetinic Acid,,True,NEW_DOCUMENT
pubmed_abstract,PMID:27391637,"Efficacy and Tolerability of a Skin Brightening/Anti-Aging Cosmeceutical Containing Retinol 0.5%, Niacinamide, Hexylresorcinol, and Resveratrol.",PMID:27391637:abstract:0,,abstract,017c6fe9-dcb2-4c84-aea2-72a613947190,Hexylresorcinol,,True,NEW_DOCUMENT
pubmed_abstract,PMID:27756097,Assessment of Combined Ascorbyl Palmitate (AP) and Sodium Ascorbyl Phosphate (SAP) on Facial Skin Sebum Control in Female Healthy Volunteers.,PMID:27756097:abstract:0,,abstract,f3761c63-d931-420d-8cb2-eecf9d787631,Sodium Ascorbyl Phosphate,,True,NEW_DOCUMENT
pubmed_abstract,PMID:28511614,A new topical panthenol-containing emollient for maintenance treatment of childhood atopic dermatitis: results from a multicenter prospective study.,PMID:28511614:abstract:0,,abstract,dab59fa5-aa76-4ab0-866d-bb58c9e3fb79,Panthenol,,True,NEW_DOCUMENT
pubmed_abstract,PMID:29181960,"A starch, glycyrretinic, zinc oxide and bisabolol based cream in the treatment of chronic mild-to-moderate atopic dermatitis in children: a three-center, assessor blinded trial.",PMID:29181960:abstract:0,,abstract,00977f5f-82e8-4638-8281-7db1d8581d04,Bisabolol,,True,NEW_DOCUMENT
pubmed_abstract,PMID:29318715,Comparative evaluation of skin moisture after topical application of 10% and 30% lactobionic acid.,PMID:29318715:abstract:0,,abstract,7dade91f-fbac-4665-a2dd-50547cba260c,Lactobionic Acid,,True,NEW_DOCUMENT
pubmed_abstract,PMID:29328637,"Alp Rose stem cells, olive oil squalene and a natural alkyl polyglucoside emulsifier: Are they appropriate ingredients of skin moisturizers - in vivo efficacy on normal and sodium lauryl sulfate - irritated skin?",PMID:29328637:abstract:0,,abstract,c6d640b0-a2e6-4222-bd16-a938173631dc,Squalene,,True,NEW_DOCUMENT
pubmed_abstract,PMID:29411520,Randomized investigator-blinded comparative study of moisturizer containing 4-t-butylcyclohexanol and licochalcone A versus 0.02% triamcinolone acetonide cream in facial dermatitis.,PMID:29411520:abstract:0,,abstract,91f2eebd-5f49-43c1-a5f8-b67f71947e0b,4-t-Butylcyclohexanol,,True,NEW_DOCUMENT
pubmed_abstract,PMID:29737899,Resveratrol as an active ingredient for cosmetic and dermatological applications: a review.,PMID:29737899:abstract:0,,abstract,80a9b853-0898-4b21-a55c-a1105451a074,Resveratrol,,True,NEW_DOCUMENT
pubmed_abstract,PMID:30378232,Topical urea in skincare: A review.,PMID:30378232:abstract:0,,abstract,3184690c-fc0c-41a7-9cee-c8fd195121c7,Urea,,True,NEW_DOCUMENT
pubmed_abstract,PMID:30444533,A review of inorganic UV filters zinc oxide and titanium dioxide.,PMID:30444533:abstract:0,,abstract,938499c3-cdd7-46da-a700-3b78d90f1523,Titanium Dioxide,,True,NEW_DOCUMENT
pubmed_abstract,PMID:30444533,A review of inorganic UV filters zinc oxide and titanium dioxide.,PMID:30444533:abstract:0,,abstract,b70949f7-694b-4b6a-bf27-b257f99c679e,Zinc Oxide,,True,NEW_DOCUMENT
pubmed_abstract,PMID:30945430,"Efficacy and safety of moisturizer containing 5% panthenol, madecassoside, and copper-zinc-manganese versus 0.02% triamcinolone acetonide cream in decreasing adverse reaction and downtime after ablative fractional carbon dioxide laser resurfacing: A split-face, double-blinded, randomized, controlled trial.",PMID:30945430:abstract:0,,abstract,1686c2b6-b430-4de8-9dab-aab190de2005,Madecassoside,,True,NEW_DOCUMENT
pubmed_abstract,PMID:30987568,Testing an Ectoin Containing Emollient for Atopic Dermatitis.,PMID:30987568:abstract:0,,abstract,986e97e0-cb31-451e-822b-52af2605123c,Ectoin,,True,NEW_DOCUMENT
pubmed_abstract,PMID:31166601,18β-Glycyrrhetinic acid: its core biological properties and dermatological applications.,PMID:31166601:abstract:0,,abstract,ee073ef1-9f4c-4dc3-93e5-cc471fab98f4,Glycyrrhetinic Acid,,True,NEW_DOCUMENT
pubmed_abstract,PMID:31328306,Apple cider vinegar soaks [0.5%] as a treatment for atopic dermatitis do not improve skin barrier integrity.,PMID:31328306:abstract:0,,abstract,1e29d8a6-b106-43eb-bfe4-364179fc7708,Vinegar,,True,NEW_DOCUMENT
pubmed_abstract,PMID:31553119,Comparative study of efficacy and safety of 45% mandelic acid versus 30% salicylic acid peels in mild-to-moderate acne vulgaris.,PMID:31553119:abstract:0,,abstract,3829d045-604a-4b6b-8465-ffe62c0ca88c,Mandelic Acid,,True,NEW_DOCUMENT
pubmed_abstract,PMID:31587493,"Acne treatment efficacy of intense pulsed light photodynamic therapy with topical licochalcone A, l-carnitine, and decanediol: A spilt-face, double-blind, randomized controlled trial.",PMID:31587493:abstract:0,,abstract,86996be3-4cf6-411b-b606-d6a3e4295888,Carnitine,,True,NEW_DOCUMENT
pubmed_abstract,PMID:31660683,Efficacy of a skin care cream with TRPV1 inhibitor 4-t-butylcyclohexanol in the topical therapy of perioral dermatitis.,PMID:31660683:abstract:0,,abstract,91f2eebd-5f49-43c1-a5f8-b67f71947e0b,4-t-Butylcyclohexanol,,True,NEW_DOCUMENT
pubmed_abstract,PMID:32356369,"Topical azelaic acid, salicylic acid, nicotinamide, sulphur, zinc and fruit acid (alpha-hydroxy acid) for acne.",PMID:32356369:abstract:0,,abstract,5c3fa47f-b797-452c-bc86-04a872aa3f71,Salicylic Acid,,True,NEW_DOCUMENT
pubmed_abstract,PMID:32383548,Comparative physicochemical stability and clinical anti-wrinkle efficacy of transdermal emulgel preparations of 5% sodium ascorbyl phosphate and or ascorbic acid on human volunteers.,PMID:32383548:abstract:0,,abstract,f3761c63-d931-420d-8cb2-eecf9d787631,Sodium Ascorbyl Phosphate,,True,NEW_DOCUMENT
pubmed_abstract,PMID:32769524,Clinical Efficacy of Topical Tranexamic Acid With Microneedling in Melasma.,PMID:32769524:abstract:0,,abstract,95ff3311-de1d-4921-bb5e-71ffb50008fc,Tranexamic Acid,,True,NEW_DOCUMENT
pubmed_abstract,PMID:33150170,"A Double-Blinded, Randomized, Vehicle-Controlled Study of the Efficacy of Moisturizer Containing Licochalcone A, Decanediol, L-Carnitine, and Salicylic Acid for Prevention of Acne Relapse in Asian Population.",PMID:33150170:abstract:0,,abstract,86996be3-4cf6-411b-b606-d6a3e4295888,Carnitine,,True,NEW_DOCUMENT
pubmed_abstract,PMID:33188584,D-chiro-inositol as a treatment in plaque psoriasis: A randomized placebo-controlled clinical trial.,PMID:33188584:abstract:0,,abstract,91679ecd-302a-40a8-89d5-04916cb14bce,Inositol,,True,NEW_DOCUMENT
pubmed_abstract,PMID:33346506,Clinical Evaluation of a Nature-Based Bakuchiol Anti-Aging Moisturizer for Sensitive Skin.,PMID:33346506:abstract:0,,abstract,27829025-c758-4332-9288-697536a7c28f,Bakuchiol,,True,NEW_DOCUMENT
pubmed_abstract,PMID:33458927,"Effect of glycolic acid, phytic acid, soothing complex containing Emulsion on Hyperpigmentation and skin luminosity: A clinical evaluation.",PMID:33458927:abstract:0,,abstract,266d2b23-fc31-483b-90cd-163ca93c68ab,Phytic Acid,,True,NEW_DOCUMENT
pubmed_abstract,PMID:33811776,"A randomized controlled trial to compare the effectiveness and safety of adsorbent lotion containing tapioca starch, spent grain wax, Butyrospermum parkii extract, argania spinosa kernel oil, aloe barbadensis, rosehip oil, and allantoin with a low-potency topical corticosteroid in the treatment of intertrigo.",PMID:33811776:abstract:0,,abstract,c51f0352-5bbe-497b-9fab-133245c5a482,Allantoin,,True,NEW_DOCUMENT
pubmed_abstract,PMID:33934471,Capryloyl glycine and soy isoflavonoids in hypertrichosis: An experimental and placebo-controlled clinical study.,PMID:33934471:abstract:0,,abstract,e07fa4d8-d418-44cf-9e07-97ebd12aa103,Capryloyl Glycine,,True,NEW_DOCUMENT
pubmed_abstract,PMID:34077434,Apple cider vinegar soaks do not alter the skin bacterial microbiome in atopic dermatitis.,PMID:34077434:abstract:0,,abstract,1e29d8a6-b106-43eb-bfe4-364179fc7708,Vinegar,,True,NEW_DOCUMENT
pubmed_abstract,PMID:34348343,The Efficacy and Safety of Chitosan on Facial Skin Sebum.,PMID:34348343:abstract:0,,abstract,b60f42c2-920c-411d-b09f-252b1ef1ccb2,Chitosan,,True,NEW_DOCUMENT
pubmed_abstract,PMID:34407729,"Evaluation of the of the efficacy of Fractional Erbium-Doped Yttrium Aluminum Garnet Laser-Assisted Drug Delivery of Kojic Acid in the Treatment of Melasma; A split face, comparative clinical study.",PMID:34407729:abstract:0,,abstract,c5265191-ac38-4592-9599-d131d8c50dcc,Kojic Acid,,True,NEW_DOCUMENT
pubmed_abstract,PMID:34962047,"Evaluating the tolerance and efficacy of laser-assisted delivery of tranexamic acid, niacinamide, and kojic acid for melasma: A single center, prospective, split-face trial.",PMID:34962047:abstract:0,,abstract,c5265191-ac38-4592-9599-d131d8c50dcc,Kojic Acid,,True,NEW_DOCUMENT
pubmed_abstract,PMID:35182003,Efficacy and safety of 5% glycolic acid-based Gel essence in the treatment of mild to moderate acne.,PMID:35182003:abstract:0,,abstract,6f5e234d-cbb1-4524-9d7a-b191f6f83a4f,Glycolic Acid,,True,NEW_DOCUMENT
pubmed_abstract,PMID:35279940,Saccharide isomerate ameliorates cosmetic scalp conditions in a Chinese study population.,PMID:35279940:abstract:0,,abstract,ce99758e-fc15-418f-865d-7a63c3a68e26,Saccharide Isomerate,,True,NEW_DOCUMENT
pubmed_abstract,PMID:35696226,The bioactivities of resveratrol and its naturally occurring derivatives on skin.,PMID:35696226:abstract:0,,abstract,80a9b853-0898-4b21-a55c-a1105451a074,Resveratrol,,True,NEW_DOCUMENT
pubmed_abstract,PMID:36176207,Applications of bakuchiol in dermatology: Systematic review of the literature.,PMID:36176207:abstract:0,,abstract,27829025-c758-4332-9288-697536a7c28f,Bakuchiol,,True,NEW_DOCUMENT
pubmed_abstract,PMID:36200921,Benefits of topical hyaluronic acid for skin quality and signs of skin aging: From literature review to clinical evidence.,PMID:36200921:abstract:0,,abstract,f5ed1356-89f1-4564-a5a0-808484032f39,Hyaluronic Acid,,True,NEW_DOCUMENT
pubmed_abstract,PMID:36214607,Clinical studies in Chinese subjects investigating the tolerance and soothing efficacy of a cream and balm containing 4-t-butylcyclohexanol on the sensitivity of facial skin.,PMID:36214607:abstract:0,,abstract,91f2eebd-5f49-43c1-a5f8-b67f71947e0b,4-t-Butylcyclohexanol,,True,NEW_DOCUMENT
pubmed_abstract,PMID:36999457,A review of the use of beeswax in skincare.,PMID:36999457:abstract:0,,abstract,a1100045-b0da-49ce-8d66-42195f0d3b2f,Beeswax,,True,NEW_DOCUMENT
pubmed_abstract,PMID:37026889,Optimizing Melasma Management With Topical Tranexamic Acid: An Expert Consensus.,PMID:37026889:abstract:0,,abstract,95ff3311-de1d-4921-bb5e-71ffb50008fc,Tranexamic Acid,,True,NEW_DOCUMENT
pubmed_abstract,PMID:37335807,"Evaluation of the effects of 10% and 30% gluconolactone chemical peel on sebum, pH, and TEWL.",PMID:37335807:abstract:0,,abstract,435c3a54-86e4-4934-a706-e42dbb0f684a,Gluconolactone,,True,NEW_DOCUMENT
pubmed_abstract,PMID:37418701,Effectiveness and safety of a cream product containing zinc oxide for alleviating mosquito bite symptoms.,PMID:37418701:abstract:0,,abstract,b70949f7-694b-4b6a-bf27-b257f99c679e,Zinc Oxide,,True,NEW_DOCUMENT
pubmed_abstract,PMID:37584240,The efficacy and safety of microneedling with topical tranexamic acid for melasma treatment: A systematic review and meta-analysis.,PMID:37584240:abstract:0,,abstract,95ff3311-de1d-4921-bb5e-71ffb50008fc,Tranexamic Acid,,True,NEW_DOCUMENT
pubmed_abstract,PMID:37608511,"A clinical evaluation of the efficacy and tolerability of a novel topical antioxidant formulation featuring vitamin C, astaxanthin, and fermented turmeric.",PMID:37608511:abstract:0,,abstract,7312d85a-b01d-4754-895d-48b568d18886,Astaxanthin,,True,NEW_DOCUMENT
pubmed_abstract,PMID:38206153,Evaluation of a Moisturizing Cream with 20% Urea for Keratosis Pilaris.,PMID:38206153:abstract:0,,abstract,3184690c-fc0c-41a7-9cee-c8fd195121c7,Urea,,True,NEW_DOCUMENT
pubmed_abstract,PMID:38299457,"Efficacy of ceramides and niacinamide-containing moisturizer versus hydrophilic cream in combination with topical anti-acne treatment in mild to moderate acne vulgaris: A split face, double-blinded, randomized controlled trial.",PMID:38299457:abstract:0,,abstract,93bd6d73-d9f2-460b-9b0e-1d99b0e7dbe4,Niacinamide,,True,NEW_DOCUMENT
pubmed_abstract,PMID:38564402,Human Clinical Trials Using Topical Bakuchiol Formulations for the Treatment of Skin Disorders: A Systematic Review.,PMID:38564402:abstract:0,,abstract,27829025-c758-4332-9288-697536a7c28f,Bakuchiol,,True,NEW_DOCUMENT
pubmed_abstract,PMID:38628085,Mitigation of retinol-induced skin irritation by physiologic lipids: Evidence from patch testing.,PMID:38628085:abstract:0,,abstract,8f45539c-d042-45f6-acb1-2a654e954a76,Retinol,,True,NEW_DOCUMENT
pubmed_abstract,PMID:39162834,Efficacy and feasibility analysis of compound fluocinolone acetonide cream combined with guaiazulene in the treatment of neurodermatitis.,PMID:39162834:abstract:0,,abstract,21384047-2732-438f-b445-b3d7ad08a2f8,Guaiazulene,,True,NEW_DOCUMENT
pubmed_abstract,PMID:39555866,"The Efficacy of Topical Cosmetic Containing Alpha-Arbutin 5% and Kojic Acid 2% Compared With Triple Combination Cream for the Treatment of Melasma: A Split-Face, Evaluator-Blinded Randomized Pilot Study.",PMID:39555866:abstract:0,,abstract,f8a815e8-3a01-4392-9614-4ba94f297014,Alpha-Arbutin,,True,NEW_DOCUMENT
pubmed_abstract,PMID:39555866,"The Efficacy of Topical Cosmetic Containing Alpha-Arbutin 5% and Kojic Acid 2% Compared With Triple Combination Cream for the Treatment of Melasma: A Split-Face, Evaluator-Blinded Randomized Pilot Study.",PMID:39555866:abstract:0,,abstract,265988b4-ef2b-44d2-828c-d6fbb3c16223,Arbutin,,True,NEW_DOCUMENT
pubmed_abstract,PMID:39968706,30% Supramolecular Salicylic Acid Improved Symptoms and Skin Barrier in Papulopustular Rosacea.,PMID:39968706:abstract:0,,abstract,5c3fa47f-b797-452c-bc86-04a872aa3f71,Salicylic Acid,,True,NEW_DOCUMENT
pubmed_abstract,PMID:40111222,Comparison of Efficacy and Willingness to a 5% Gluconolactone-Based Topical Serum and Intense Pulsed Light in Mild Erythema of Rosacea: A Paired Control Study.,PMID:40111222:abstract:0,,abstract,435c3a54-86e4-4934-a706-e42dbb0f684a,Gluconolactone,,True,NEW_DOCUMENT
pubmed_abstract,PMID:40586182,"Novel Cyclized Hexapeptide-9 Outperforms Retinol Against Skin Aging: A Randomized, Double-Blinded, Active- and Vehicle-Controlled Clinical Trial.",PMID:40586182:abstract:0,,abstract,dd16e0b8-2e81-4713-a1f1-7d7203663011,Hexapeptide-9,,True,NEW_DOCUMENT
pubmed_abstract,PMID:40613435,Evaluation of the Efficacy and Safety of a Panthenol-Enriched Mask for Skin Barrier Recovery After Facial Laser Treatment: Results of a Double-Blind Randomized Controlled Study.,PMID:40613435:abstract:0,,abstract,dab59fa5-aa76-4ab0-866d-bb58c9e3fb79,Panthenol,,True,NEW_DOCUMENT
pubmed_abstract,PMID:40682377,Clinical Efficacy of a Salicylic Acid-Containing Gel on Acne Management and Skin Barrier Function: A 21-Day Prospective Study.,PMID:40682377:abstract:0,,abstract,5c3fa47f-b797-452c-bc86-04a872aa3f71,Salicylic Acid,,True,NEW_DOCUMENT
pubmed_abstract,PMID:40970768,Comparative Efficacy of 35 % Glycolic Acid Peel versus 4 % Retinol Peel in Melasma.,PMID:40970768:abstract:0,,abstract,6f5e234d-cbb1-4524-9d7a-b191f6f83a4f,Glycolic Acid,,True,NEW_DOCUMENT
pubmed_abstract,PMID:41134387,"Efficacy and safety of combination cream of stimu-tex AS™ (spent grain wax, Argania Spinosa Kernel oil, Butyrospermum Parkii (shea butter) extract), and saccharide isomerate after fractional CO2 laser procedure: split-face, double blinded, randomized controlled trial.",PMID:41134387:abstract:0,,abstract,ce99758e-fc15-418f-865d-7a63c3a68e26,Saccharide Isomerate,,True,NEW_DOCUMENT
pubmed_abstract,PMID:41211697,A novel facial moisturizer containing Saccharide isomerate accelerates skin barrier restoration following intense pulsed light treatment: a randomized split-face study.,PMID:41211697:abstract:0,,abstract,ce99758e-fc15-418f-865d-7a63c3a68e26,Saccharide Isomerate,,True,NEW_DOCUMENT
pubmed_abstract,PMID:42324157,Exploratory study on the effect of ferulic acid derived from rice bran on dull skin.,PMID:42324157:abstract:0,,abstract,b5332e33-2dc3-418a-86b1-a4ad41728659,Ferulic Acid,,True,NEW_DOCUMENT
pubmed_abstract,PMID:42696337,"A Novel Moisturizer Formulated With Micronized Centella asiatica and Mandelic Acid Improves Mature, Crepey Skin.",PMID:42696337:abstract:0,,abstract,3829d045-604a-4b6b-8465-ffe62c0ca88c,Mandelic Acid,,True,NEW_DOCUMENT
pubmed_abstract,PMID:8033544,Effect of surfactant mixtures on irritant contact dermatitis potential in man: sodium lauroyl glutamate and sodium lauryl sulphate.,PMID:8033544:abstract:0,,abstract,7f0ad556-4141-4364-9489-051ac289aad5,Sodium Lauroyl Glutamate,,True,NEW_DOCUMENT
cir,cir_attachment:78339067-953f-de05-9d46-508a63ceca4c,Retinol and Retinyl Palmitate,cir_attachment:78339067-953f-de05-9d46-508a63ceca4c:40:Conclusion:0,40,Conclusion,8f45539c-d042-45f6-acb1-2a654e954a76,Retinol,retinol,True,NEW_DOCUMENT
cir,cir_attachment:78339067-953f-de05-9d46-508a63ceca4c,Retinol and Retinyl Palmitate,cir_attachment:78339067-953f-de05-9d46-508a63ceca4c:40:Discussion:1,40,Discussion,8f45539c-d042-45f6-acb1-2a654e954a76,Retinol,retinol,True,NEW_DOCUMENT
cir,cir_attachment:d0ca1f11-8e74-ec11-8943-0022482f06a6,"Final Report of the Safety Assessment of L-Ascorbic Acid, Calcium Ascorbate, Magnesium Ascorbate, Magnesium Ascorbyl Phosphate, Sodium Ascorbate, and Sodium Ascorbyl Phosphate as Used in Cosmetics",cir_attachment:d0ca1f11-8e74-ec11-8943-0022482f06a6:44:CLINICAL ASSESSMENT OF SAFETY:0,44,CLINICAL ASSESSMENT OF SAFETY,bf432576-e990-4b02-ac67-9d414af42d76,Ascorbic Acid,L-Ascorbic Acid,True,NEW_DOCUMENT
cir,cir_attachment:d0ca1f11-8e74-ec11-8943-0022482f06a6,"Final Report of the Safety Assessment of L-Ascorbic Acid, Calcium Ascorbate, Magnesium Ascorbate, Magnesium Ascorbyl Phosphate, Sodium Ascorbate, and Sodium Ascorbyl Phosphate as Used in Cosmetics",cir_attachment:d0ca1f11-8e74-ec11-8943-0022482f06a6:45:CLINICAL ASSESSMENT OF SAFETY:1,45,CLINICAL ASSESSMENT OF SAFETY,bf432576-e990-4b02-ac67-9d414af42d76,Ascorbic Acid,L-Ascorbic Acid,True,NEW_DOCUMENT
cir,cir_attachment:d0ca1f11-8e74-ec11-8943-0022482f06a6,"Final Report of the Safety Assessment of L-Ascorbic Acid, Calcium Ascorbate, Magnesium Ascorbate, Magnesium Ascorbyl Phosphate, Sodium Ascorbate, and Sodium Ascorbyl Phosphate as Used in Cosmetics",cir_attachment:d0ca1f11-8e74-ec11-8943-0022482f06a6:45:CLINICAL ASSESSMENT OF SAFETY:2,45,CLINICAL ASSESSMENT OF SAFETY,bf432576-e990-4b02-ac67-9d414af42d76,Ascorbic Acid,Ascorbic Acid,True,NEW_DOCUMENT
cir,cir_attachment:d0ca1f11-8e74-ec11-8943-0022482f06a6,"Final Report of the Safety Assessment of L-Ascorbic Acid, Calcium Ascorbate, Magnesium Ascorbate, Magnesium Ascorbyl Phosphate, Sodium Ascorbate, and Sodium Ascorbyl Phosphate as Used in Cosmetics",cir_attachment:d0ca1f11-8e74-ec11-8943-0022482f06a6:45:CLINICAL ASSESSMENT OF SAFETY:3,45,CLINICAL ASSESSMENT OF SAFETY,bf432576-e990-4b02-ac67-9d414af42d76,Ascorbic Acid,Ascorbic Acid,True,NEW_DOCUMENT
cir,cir_attachment:d0ca1f11-8e74-ec11-8943-0022482f06a6,"Final Report of the Safety Assessment of L-Ascorbic Acid, Calcium Ascorbate, Magnesium Ascorbate, Magnesium Ascorbyl Phosphate, Sodium Ascorbate, and Sodium Ascorbyl Phosphate as Used in Cosmetics",cir_attachment:d0ca1f11-8e74-ec11-8943-0022482f06a6:46:CLINICAL ASSESSMENT OF SAFETY:4,46,CLINICAL ASSESSMENT OF SAFETY,bf432576-e990-4b02-ac67-9d414af42d76,Ascorbic Acid,Ascorbic Acid,True,NEW_DOCUMENT
cir,cir_attachment:d0ca1f11-8e74-ec11-8943-0022482f06a6,"Final Report of the Safety Assessment of L-Ascorbic Acid, Calcium Ascorbate, Magnesium Ascorbate, Magnesium Ascorbyl Phosphate, Sodium Ascorbate, and Sodium Ascorbyl Phosphate as Used in Cosmetics",cir_attachment:d0ca1f11-8e74-ec11-8943-0022482f06a6:46:CLINICAL ASSESSMENT OF SAFETY:5,46,CLINICAL ASSESSMENT OF SAFETY,bf432576-e990-4b02-ac67-9d414af42d76,Ascorbic Acid,L-Ascorbic Acid,True,NEW_DOCUMENT
cir,cir_attachment:d0ca1f11-8e74-ec11-8943-0022482f06a6,"Final Report of the Safety Assessment of L-Ascorbic Acid, Calcium Ascorbate, Magnesium Ascorbate, Magnesium Ascorbyl Phosphate, Sodium Ascorbate, and Sodium Ascorbyl Phosphate as Used in Cosmetics",cir_attachment:d0ca1f11-8e74-ec11-8943-0022482f06a6:47:CLINICAL ASSESSMENT OF SAFETY:6,47,CLINICAL ASSESSMENT OF SAFETY,bf432576-e990-4b02-ac67-9d414af42d76,Ascorbic Acid,Ascorbic Acid,True,NEW_DOCUMENT
cir,cir_attachment:d0ca1f11-8e74-ec11-8943-0022482f06a6,"Final Report of the Safety Assessment of L-Ascorbic Acid, Calcium Ascorbate, Magnesium Ascorbate, Magnesium Ascorbyl Phosphate, Sodium Ascorbate, and Sodium Ascorbyl Phosphate as Used in Cosmetics",cir_attachment:d0ca1f11-8e74-ec11-8943-0022482f06a6:47:CLINICAL ASSESSMENT OF SAFETY:7,47,CLINICAL ASSESSMENT OF SAFETY,bf432576-e990-4b02-ac67-9d414af42d76,Ascorbic Acid,Ascorbic Acid,True,NEW_DOCUMENT
cir,cir_attachment:d0ca1f11-8e74-ec11-8943-0022482f06a6,"Final Report of the Safety Assessment of L-Ascorbic Acid, Calcium Ascorbate, Magnesium Ascorbate, Magnesium Ascorbyl Phosphate, Sodium Ascorbate, and Sodium Ascorbyl Phosphate as Used in Cosmetics",cir_attachment:d0ca1f11-8e74-ec11-8943-0022482f06a6:48:CLINICAL ASSESSMENT OF SAFETY:8,48,CLINICAL ASSESSMENT OF SAFETY,bf432576-e990-4b02-ac67-9d414af42d76,Ascorbic Acid,L-Ascorbic Acid,True,NEW_DOCUMENT
cir,cir_attachment:d0ca1f11-8e74-ec11-8943-0022482f06a6,"Final Report of the Safety Assessment of L-Ascorbic Acid, Calcium Ascorbate, Magnesium Ascorbate, Magnesium Ascorbyl Phosphate, Sodium Ascorbate, and Sodium Ascorbyl Phosphate as Used in Cosmetics",cir_attachment:d0ca1f11-8e74-ec11-8943-0022482f06a6:48:CLINICAL ASSESSMENT OF SAFETY:9,48,CLINICAL ASSESSMENT OF SAFETY,bf432576-e990-4b02-ac67-9d414af42d76,Ascorbic Acid,Ascorbic Acid,True,NEW_DOCUMENT
cir,cir_attachment:d0ca1f11-8e74-ec11-8943-0022482f06a6,"Final Report of the Safety Assessment of L-Ascorbic Acid, Calcium Ascorbate, Magnesium Ascorbate, Magnesium Ascorbyl Phosphate, Sodium Ascorbate, and Sodium Ascorbyl Phosphate as Used in Cosmetics",cir_attachment:d0ca1f11-8e74-ec11-8943-0022482f06a6:49:CLINICAL ASSESSMENT OF SAFETY:10,49,CLINICAL ASSESSMENT OF SAFETY,bf432576-e990-4b02-ac67-9d414af42d76,Ascorbic Acid,Ascorbic Acid,True,NEW_DOCUMENT
cir,cir_attachment:d0ca1f11-8e74-ec11-8943-0022482f06a6,"Final Report of the Safety Assessment of L-Ascorbic Acid, Calcium Ascorbate, Magnesium Ascorbate, Magnesium Ascorbyl Phosphate, Sodium Ascorbate, and Sodium Ascorbyl Phosphate as Used in Cosmetics",cir_attachment:d0ca1f11-8e74-ec11-8943-0022482f06a6:49:CLINICAL ASSESSMENT OF SAFETY:11,49,CLINICAL ASSESSMENT OF SAFETY,bf432576-e990-4b02-ac67-9d414af42d76,Ascorbic Acid,Ascorbic Acid,True,NEW_DOCUMENT
cir,cir_attachment:d0ca1f11-8e74-ec11-8943-0022482f06a6,"Final Report of the Safety Assessment of L-Ascorbic Acid, Calcium Ascorbate, Magnesium Ascorbate, Magnesium Ascorbyl Phosphate, Sodium Ascorbate, and Sodium Ascorbyl Phosphate as Used in Cosmetics",cir_attachment:d0ca1f11-8e74-ec11-8943-0022482f06a6:50:CLINICAL ASSESSMENT OF SAFETY:12,50,CLINICAL ASSESSMENT OF SAFETY,bf432576-e990-4b02-ac67-9d414af42d76,Ascorbic Acid,Ascorbic Acid,True,NEW_DOCUMENT
cir,cir_attachment:d0ca1f11-8e74-ec11-8943-0022482f06a6,"Final Report of the Safety Assessment of L-Ascorbic Acid, Calcium Ascorbate, Magnesium Ascorbate, Magnesium Ascorbyl Phosphate, Sodium Ascorbate, and Sodium Ascorbyl Phosphate as Used in Cosmetics",cir_attachment:d0ca1f11-8e74-ec11-8943-0022482f06a6:50:CLINICAL ASSESSMENT OF SAFETY:13,50,CLINICAL ASSESSMENT OF SAFETY,bf432576-e990-4b02-ac67-9d414af42d76,Ascorbic Acid,Ascorbic Acid,True,NEW_DOCUMENT
cir,cir_attachment:d0ca1f11-8e74-ec11-8943-0022482f06a6,"Final Report of the Safety Assessment of L-Ascorbic Acid, Calcium Ascorbate, Magnesium Ascorbate, Magnesium Ascorbyl Phosphate, Sodium Ascorbate, and Sodium Ascorbyl Phosphate as Used in Cosmetics",cir_attachment:d0ca1f11-8e74-ec11-8943-0022482f06a6:51:CLINICAL ASSESSMENT OF SAFETY:14,51,CLINICAL ASSESSMENT OF SAFETY,bf432576-e990-4b02-ac67-9d414af42d76,Ascorbic Acid,L-Ascorbic Acid,True,NEW_DOCUMENT
cir,cir_attachment:d0ca1f11-8e74-ec11-8943-0022482f06a6,"Final Report of the Safety Assessment of L-Ascorbic Acid, Calcium Ascorbate, Magnesium Ascorbate, Magnesium Ascorbyl Phosphate, Sodium Ascorbate, and Sodium Ascorbyl Phosphate as Used in Cosmetics",cir_attachment:d0ca1f11-8e74-ec11-8943-0022482f06a6:51:CLINICAL ASSESSMENT OF SAFETY:15,51,CLINICAL ASSESSMENT OF SAFETY,bf432576-e990-4b02-ac67-9d414af42d76,Ascorbic Acid,Ascorbic Acid,True,NEW_DOCUMENT
cir,cir_attachment:d0ca1f11-8e74-ec11-8943-0022482f06a6,"Final Report of the Safety Assessment of L-Ascorbic Acid, Calcium Ascorbate, Magnesium Ascorbate, Magnesium Ascorbyl Phosphate, Sodium Ascorbate, and Sodium Ascorbyl Phosphate as Used in Cosmetics",cir_attachment:d0ca1f11-8e74-ec11-8943-0022482f06a6:52:CLINICAL ASSESSMENT OF SAFETY:16,52,CLINICAL ASSESSMENT OF SAFETY,bf432576-e990-4b02-ac67-9d414af42d76,Ascorbic Acid,Ascorbic Acid,True,NEW_DOCUMENT
cir,cir_attachment:d0ca1f11-8e74-ec11-8943-0022482f06a6,"Final Report of the Safety Assessment of L-Ascorbic Acid, Calcium Ascorbate, Magnesium Ascorbate, Magnesium Ascorbyl Phosphate, Sodium Ascorbate, and Sodium Ascorbyl Phosphate as Used in Cosmetics",cir_attachment:d0ca1f11-8e74-ec11-8943-0022482f06a6:54:DISCUSSION:17,54,DISCUSSION,bf432576-e990-4b02-ac67-9d414af42d76,Ascorbic Acid,L-Ascorbic Acid,True,NEW_DOCUMENT
cir,cir_attachment:d0ca1f11-8e74-ec11-8943-0022482f06a6,"Final Report of the Safety Assessment of L-Ascorbic Acid, Calcium Ascorbate, Magnesium Ascorbate, Magnesium Ascorbyl Phosphate, Sodium Ascorbate, and Sodium Ascorbyl Phosphate as Used in Cosmetics",cir_attachment:d0ca1f11-8e74-ec11-8943-0022482f06a6:54:CONCLUSION:18,54,CONCLUSION,bf432576-e990-4b02-ac67-9d414af42d76,Ascorbic Acid,L-Ascorbic Acid,True,NEW_DOCUMENT
cir,cir_attachment:d0ca1f11-8e74-ec11-8943-0022482f06a6,"Final Report of the Safety Assessment of L-Ascorbic Acid, Calcium Ascorbate, Magnesium Ascorbate, Magnesium Ascorbyl Phosphate, Sodium Ascorbate, and Sodium Ascorbyl Phosphate as Used in Cosmetics",cir_attachment:d0ca1f11-8e74-ec11-8943-0022482f06a6:54:CONCLUSION:18,54,CONCLUSION,f3761c63-d931-420d-8cb2-eecf9d787631,Sodium Ascorbyl Phosphate,Sodium Ascorbyl Phosphate,True,NEW_DOCUMENT
cir,cir_attachment:f8f3e083-2ca8-b5b4-b338-aa3ca6da8825,Amended Safety Assessment of Salicylic Acid and Salicylates as Used in Cosmetics,cir_attachment:f8f3e083-2ca8-b5b4-b338-aa3ca6da8825:42:Clinical Studies:0,42,Clinical Studies,5c3fa47f-b797-452c-bc86-04a872aa3f71,Salicylic Acid,Salicylic Acid,True,NEW_DOCUMENT
cir,cir_attachment:f8f3e083-2ca8-b5b4-b338-aa3ca6da8825,Amended Safety Assessment of Salicylic Acid and Salicylates as Used in Cosmetics,cir_attachment:f8f3e083-2ca8-b5b4-b338-aa3ca6da8825:42:Clinical Studies:1,42,Clinical Studies,5c3fa47f-b797-452c-bc86-04a872aa3f71,Salicylic Acid,Salicylic Acid,True,NEW_DOCUMENT
cir,cir_attachment:f8f3e083-2ca8-b5b4-b338-aa3ca6da8825,Amended Safety Assessment of Salicylic Acid and Salicylates as Used in Cosmetics,cir_attachment:f8f3e083-2ca8-b5b4-b338-aa3ca6da8825:43:Clinical Studies:2,43,Clinical Studies,5c3fa47f-b797-452c-bc86-04a872aa3f71,Salicylic Acid,Salicylic Acid,True,NEW_DOCUMENT
cir,cir_attachment:f8f3e083-2ca8-b5b4-b338-aa3ca6da8825,Amended Safety Assessment of Salicylic Acid and Salicylates as Used in Cosmetics,cir_attachment:f8f3e083-2ca8-b5b4-b338-aa3ca6da8825:43:Clinical Studies:3,43,Clinical Studies,5c3fa47f-b797-452c-bc86-04a872aa3f71,Salicylic Acid,Salicylic Acid,True,NEW_DOCUMENT
cir,cir_attachment:f8f3e083-2ca8-b5b4-b338-aa3ca6da8825,Amended Safety Assessment of Salicylic Acid and Salicylates as Used in Cosmetics,cir_attachment:f8f3e083-2ca8-b5b4-b338-aa3ca6da8825:44:Clinical Studies:4,44,Clinical Studies,5c3fa47f-b797-452c-bc86-04a872aa3f71,Salicylic Acid,Salicylic Acid,True,NEW_DOCUMENT
cir,cir_attachment:f8f3e083-2ca8-b5b4-b338-aa3ca6da8825,Amended Safety Assessment of Salicylic Acid and Salicylates as Used in Cosmetics,cir_attachment:f8f3e083-2ca8-b5b4-b338-aa3ca6da8825:49:Discussion:6,49,Discussion,5c3fa47f-b797-452c-bc86-04a872aa3f71,Salicylic Acid,Salicylic Acid,True,NEW_DOCUMENT
cir,cir_attachment:f8f3e083-2ca8-b5b4-b338-aa3ca6da8825,Amended Safety Assessment of Salicylic Acid and Salicylates as Used in Cosmetics,cir_attachment:f8f3e083-2ca8-b5b4-b338-aa3ca6da8825:49:Discussion:7,49,Discussion,5c3fa47f-b797-452c-bc86-04a872aa3f71,Salicylic Acid,Salicylic Acid,True,NEW_DOCUMENT
cir,cir_attachment:f8f3e083-2ca8-b5b4-b338-aa3ca6da8825,Amended Safety Assessment of Salicylic Acid and Salicylates as Used in Cosmetics,cir_attachment:f8f3e083-2ca8-b5b4-b338-aa3ca6da8825:49:Conclusion:8,49,Conclusion,5c3fa47f-b797-452c-bc86-04a872aa3f71,Salicylic Acid,Salicylic Acid,True,NEW_DOCUMENT
cir,cir_attachment:cd3b62ad-1279-3043-bf9f-58ee259b08ba,Safety Assessment of Adenosine as Used in Cosmetics,cir_attachment:cd3b62ad-1279-3043-bf9f-58ee259b08ba:10:Clinical Studies:0,10,Clinical Studies,e40cce63-507d-4752-aa9f-ec2319ed1542,Adenosine,Adenosine,True,NEW_DOCUMENT
cir,cir_attachment:cd3b62ad-1279-3043-bf9f-58ee259b08ba,Safety Assessment of Adenosine as Used in Cosmetics,cir_attachment:cd3b62ad-1279-3043-bf9f-58ee259b08ba:10:Clinical Studies:1,10,Clinical Studies,e40cce63-507d-4752-aa9f-ec2319ed1542,Adenosine,Adenosine,True,NEW_DOCUMENT
cir,cir_attachment:cd3b62ad-1279-3043-bf9f-58ee259b08ba,Safety Assessment of Adenosine as Used in Cosmetics,cir_attachment:cd3b62ad-1279-3043-bf9f-58ee259b08ba:11:Clinical Studies:2,11,Clinical Studies,e40cce63-507d-4752-aa9f-ec2319ed1542,Adenosine,Adenosine,True,NEW_DOCUMENT
cir,cir_attachment:cd3b62ad-1279-3043-bf9f-58ee259b08ba,Safety Assessment of Adenosine as Used in Cosmetics,cir_attachment:cd3b62ad-1279-3043-bf9f-58ee259b08ba:12:Discussion:3,12,Discussion,e40cce63-507d-4752-aa9f-ec2319ed1542,Adenosine,Adenosine,True,NEW_DOCUMENT
cir,cir_attachment:cd3b62ad-1279-3043-bf9f-58ee259b08ba,Safety Assessment of Adenosine as Used in Cosmetics,cir_attachment:cd3b62ad-1279-3043-bf9f-58ee259b08ba:12:Discussion:4,12,Discussion,e40cce63-507d-4752-aa9f-ec2319ed1542,Adenosine,Adenosine,True,NEW_DOCUMENT
cir,cir_attachment:cd3b62ad-1279-3043-bf9f-58ee259b08ba,Safety Assessment of Adenosine as Used in Cosmetics,cir_attachment:cd3b62ad-1279-3043-bf9f-58ee259b08ba:12:Conclusion:5,12,Conclusion,e40cce63-507d-4752-aa9f-ec2319ed1542,Adenosine,adenosine,True,NEW_DOCUMENT
cir,cir_attachment:995efb2f-f539-86e3-8575-19bea03f915e,Safety Assessment of Capryloyl Salicylic Acid as Used in Cosmetics,cir_attachment:995efb2f-f539-86e3-8575-19bea03f915e:13:Clinical Studies:0,13,Clinical Studies,1e6a30aa-d018-4389-93fb-ac972c0f2f8f,Capryloyl Salicylic Acid,Capryloyl Salicylic Acid,True,NEW_DOCUMENT
cir,cir_attachment:995efb2f-f539-86e3-8575-19bea03f915e,Safety Assessment of Capryloyl Salicylic Acid as Used in Cosmetics,cir_attachment:995efb2f-f539-86e3-8575-19bea03f915e:14:Clinical Studies:1,14,Clinical Studies,1e6a30aa-d018-4389-93fb-ac972c0f2f8f,Capryloyl Salicylic Acid,Capryloyl Salicylic Acid,True,NEW_DOCUMENT
cir,cir_attachment:995efb2f-f539-86e3-8575-19bea03f915e,Safety Assessment of Capryloyl Salicylic Acid as Used in Cosmetics,cir_attachment:995efb2f-f539-86e3-8575-19bea03f915e:16:Conclusion:2,16,Conclusion,1e6a30aa-d018-4389-93fb-ac972c0f2f8f,Capryloyl Salicylic Acid,Capryloyl Salicylic Acid,True,NEW_DOCUMENT
cir,cir_attachment:dd27a62b-d988-9d8d-aaff-51a43716120d,Safety Assessment of Hyaluronates as Used in Cosmetics,cir_attachment:dd27a62b-d988-9d8d-aaff-51a43716120d:12:DISCUSSION:3,12,DISCUSSION,b10aeff6-fa34-4f6e-9f6e-2675ebc7a678,Hydrolyzed Hyaluronic Acid,Hydrolyzed Hyaluronic Acid,True,EXISTING_DOCUMENT_REUSE
cir,cir_attachment:dd27a62b-d988-9d8d-aaff-51a43716120d,Safety Assessment of Hyaluronates as Used in Cosmetics,cir_attachment:dd27a62b-d988-9d8d-aaff-51a43716120d:13:CONCLUSION:6,13,CONCLUSION,b10aeff6-fa34-4f6e-9f6e-2675ebc7a678,Hydrolyzed Hyaluronic Acid,Hydrolyzed Hyaluronic Acid,True,EXISTING_DOCUMENT_REUSE
cir,cir_attachment:dd27a62b-d988-9d8d-aaff-51a43716120d,Safety Assessment of Hyaluronates as Used in Cosmetics,cir_attachment:dd27a62b-d988-9d8d-aaff-51a43716120d:12:DISCUSSION:3,12,DISCUSSION,8083853c-8070-432e-baf8-ccdb20bef94b,Sodium Acetylated Hyaluronate,Sodium Acetylated Hyaluronate,True,EXISTING_DOCUMENT_REUSE
cir,cir_attachment:dd27a62b-d988-9d8d-aaff-51a43716120d,Safety Assessment of Hyaluronates as Used in Cosmetics,cir_attachment:dd27a62b-d988-9d8d-aaff-51a43716120d:13:CONCLUSION:6,13,CONCLUSION,8083853c-8070-432e-baf8-ccdb20bef94b,Sodium Acetylated Hyaluronate,Sodium Acetylated Hyaluronate,True,EXISTING_DOCUMENT_REUSE
cir,cir_attachment:dd27a62b-d988-9d8d-aaff-51a43716120d,Safety Assessment of Hyaluronates as Used in Cosmetics,cir_attachment:dd27a62b-d988-9d8d-aaff-51a43716120d:12:DISCUSSION:3,12,DISCUSSION,09c1f435-8a40-4035-83e4-26e1bdb00e07,Hydrolyzed Sodium Hyaluronate,Hydrolyzed Sodium Hyaluronate,True,EXISTING_DOCUMENT_REUSE
cir,cir_attachment:dd27a62b-d988-9d8d-aaff-51a43716120d,Safety Assessment of Hyaluronates as Used in Cosmetics,cir_attachment:dd27a62b-d988-9d8d-aaff-51a43716120d:12:DISCUSSION:3,12,DISCUSSION,524a0419-b69d-4cc3-af02-347c9e2a0207,Potassium Hyaluronate,Potassium Hyaluronate,True,EXISTING_DOCUMENT_REUSE
cir,cir_attachment:dd27a62b-d988-9d8d-aaff-51a43716120d,Safety Assessment of Hyaluronates as Used in Cosmetics,cir_attachment:dd27a62b-d988-9d8d-aaff-51a43716120d:13:CONCLUSION:6,13,CONCLUSION,524a0419-b69d-4cc3-af02-347c9e2a0207,Potassium Hyaluronate,Potassium Hyaluronate,True,EXISTING_DOCUMENT_REUSE
cir,cir_attachment:7a7dbaa1-8e74-ec11-8943-0022482f06a6,Safety Assessment of Ceramides as Used in Cosmetics,cir_attachment:7a7dbaa1-8e74-ec11-8943-0022482f06a6:8:Conclusion:2,8,Conclusion,ff379bec-1ee4-4f8e-9407-e99d5c9cca5f,Ceramide AP,Ceramide AP,True,EXISTING_DOCUMENT_REUSE
cir,cir_attachment:7a7dbaa1-8e74-ec11-8943-0022482f06a6,Safety Assessment of Ceramides as Used in Cosmetics,cir_attachment:7a7dbaa1-8e74-ec11-8943-0022482f06a6:8:Conclusion:2,8,Conclusion,3f32c6d8-afee-4f78-af50-83c4e972a1a9,Ceramide EOP,Ceramide EOP,True,EXISTING_DOCUMENT_REUSE
cir,cir_attachment:297dbaa1-8e74-ec11-8943-0022482f06a6,Safety Assessment of Tocopherols and Tocotrienols as Used in Cosmetics,cir_attachment:297dbaa1-8e74-ec11-8943-0022482f06a6:31:Discussion:0,31,Discussion,7f204c2a-39f5-4d20-b993-2a5fcf50d776,Tocopheryl Acetate,tocopheryl acetate,True,EXISTING_DOCUMENT_REUSE
cir,cir_attachment:297dbaa1-8e74-ec11-8943-0022482f06a6,Safety Assessment of Tocopherols and Tocotrienols as Used in Cosmetics,cir_attachment:297dbaa1-8e74-ec11-8943-0022482f06a6:31:Discussion:1,31,Discussion,7f204c2a-39f5-4d20-b993-2a5fcf50d776,Tocopheryl Acetate,tocopheryl acetate,True,EXISTING_DOCUMENT_REUSE
