chunk_id,source_type,document_source_id,action,model,dimension,content_hash,vector_sha256,vector_l2_norm
PMID:10021493:abstract:0,pubmed_abstract,PMID:10021493,INSERT,BAAI/bge-m3,1024,97c0001f953528e90788404a2eec5d864c8f63b91010d4eea6a2eb1375e0a486,36229ae28a062f6df2b90f9dbea88965aa9d207c50eef154b6aa09f958e4daa7,1.0
PMID:10522500:abstract:0,pubmed_abstract,PMID:10522500,INSERT,BAAI/bge-m3,1024,c7b862d3f0fb145aaea84919549681ab4b6c4bd9146d8116d7739cca404cbaed,776e4bacbb5d1efb5ebd7ebe1975c7bd94cff84052297ef18d47951775d70183,1.0
PMID:10965426:abstract:0,pubmed_abstract,PMID:10965426,INSERT,BAAI/bge-m3,1024,a17029fe9eec7c14af7318d0858bc1392c5d371e56f6a4f9586ef01ac3b16323,cec776c5459843496cd2578e9ee2bddca6547e8d9c1f94c8e5cc6845b374c930,1.0
PMID:12562345:abstract:0,pubmed_abstract,PMID:12562345,INSERT,BAAI/bge-m3,1024,d61f85882a616c9750d36dcc350f01955d2ce58394a63a969c7759ae35d5296d,a52365f14458e88629ec588e5bff67b676e5df6d83f3b7a5ad6e049b1f021068,1.0
PMID:12823436:abstract:0,pubmed_abstract,PMID:12823436,INSERT,BAAI/bge-m3,1024,f58c2c4f54723d4a45f7bcf34e052a19664e96a5da1b69e54f6aff46715e7c4e,78ecfe0a6b68c940387e17c49a017cc15f6fa51020bc2b4eb87ccf5f5172a3af,1.0
PMID:1303072:abstract:0,pubmed_abstract,PMID:1303072,INSERT,BAAI/bge-m3,1024,0e4b0ca15ab8f9c8332c1ff319893fdc0899f5aa5c00e39afa0a3366d313a92b,057a92352de4134cbe3325e733531dfc6e49116e29c2fdf3dbb1c0fe3aadfe1b,1.0
PMID:14641355:abstract:0,pubmed_abstract,PMID:14641355,INSERT,BAAI/bge-m3,1024,0dce4ae30c556a5ce7d50aa33daece1b6d892259db3491cdd8fb341314f0accc,82d1d182fdc2151f7656b0da428580d325ec7247dc56e085cffd209e057e720b,1.0
PMID:15022655:abstract:0,pubmed_abstract,PMID:15022655,INSERT,BAAI/bge-m3,1024,fe2ba12a22e3d76dc9e03568a9a95b8a8dc9e8432bb35e7bf9b088078af96111,be700d748d88681ef6d5df7422010e65f55eeef3609d4a9b147aea6490ed8d69,1.0
PMID:15304189:abstract:0,pubmed_abstract,PMID:15304189,INSERT,BAAI/bge-m3,1024,9244dc18436b1462a8db787e84120b45aafac28d324b77b1cc3312325e182f2b,4077993bfb3f61f49495d7715e635bc6868618fce6847b46aa8df4f3284d1a6c,1.0
PMID:15689218:abstract:0,pubmed_abstract,PMID:15689218,INSERT,BAAI/bge-m3,1024,9b70986b03e24fef9a0217c46af6d50621a23cca59f68c47bcf7ebf7800f5996,1e17766367424019aff0938ef24634317be53a4acfc664259c2d9de356698634,1.0
PMID:16766489:abstract:0,pubmed_abstract,PMID:16766489,REPLACE,BAAI/bge-m3,1024,5a6f02ef31eefeed372b1d27c20e45db0c7a22d4d471b210f79b8af1987d73e8,9d02101378f1809b2867cd3ea0fa01354419505f1cd33cb9359768b367222761,1.0
PMID:17348991:abstract:0,pubmed_abstract,PMID:17348991,INSERT,BAAI/bge-m3,1024,de75766115036a5b4b44710501d33049b379645d914bef208004543333199567,eb753ffc0043ad88d26db99f1317186f3e6c28b27948028035a0c588ae663dcf,1.0
PMID:18452433:abstract:0,pubmed_abstract,PMID:18452433,INSERT,BAAI/bge-m3,1024,a033e8c3e0140f25e757dfb31a7f954f470ad1fc9cecad8e840068d52e94c9eb,b9f7bb2c43619c0a17def69db42d939e4b59be590a4428897f770d69963f187a,1.0
PMID:19134126:abstract:0,pubmed_abstract,PMID:19134126,INSERT,BAAI/bge-m3,1024,7321374b164af321999b2a042792c82470afc9b1dd7c9983df980c7333534649,5103297005c770ace78ec5b8cb68a19a3739a330e40b489c46eb771485af5c1c,1.0
PMID:19146601:abstract:0,pubmed_abstract,PMID:19146601,INSERT,BAAI/bge-m3,1024,987d4e0a958a79abb3d49667055d94c15aa1d4fc5d9423ab33aab2ae8c9d38d4,81f3ef7e26c70a33d974fd6063aa2a7269e292e52326349dbf186e6f34ffcc81,1.0
PMID:19239556:abstract:0,pubmed_abstract,PMID:19239556,INSERT,BAAI/bge-m3,1024,95e54d117750d2d1cac18d68a8126926e0431594644abffeb113b219955bbee3,236ffa5770990f5e23dbb0c5cd93c696f615773788ed0895a2aae2ec8824df76,1.0
PMID:19753737:abstract:0,pubmed_abstract,PMID:19753737,INSERT,BAAI/bge-m3,1024,6320c88ac6f424e73e82d4cb3ab3a18b0c1d212ff9d59ef13dd0bea081d97e2e,d5ffc0777aed30ec482c1188a3beee3738e55c9fa038b0d63f5622883c0c3f7b,1.0
PMID:19845667:abstract:0,pubmed_abstract,PMID:19845667,INSERT,BAAI/bge-m3,1024,e42ebf386bf72a73f3de9aec748718aac0278fb186ee9fc3179130ee82563893,b88c4bdf9fa5e53b0e34b44f3d6dacc2716f3109f4f8477706a1c4e4f7b3a398,1.0
PMID:20642768:abstract:0,pubmed_abstract,PMID:20642768,INSERT,BAAI/bge-m3,1024,dc1ac30712318495f78a891ab396090517c149a68e06660cb0200043a5af3d2b,1c773cf43565e7cf4a947a14f2ad87b76d1666e6ba657b244c2e379546ccbf68,1.0
PMID:21619548:abstract:0,pubmed_abstract,PMID:21619548,INSERT,BAAI/bge-m3,1024,e6d558c7a4a5d6f91dfa4545252b35269ff923810f1aa3cdd7a04272b0754dc7,923d27c01e4281e307f7b5415cd043a3bd09ccd007d53783b7c81593f12d4b2e,1.0
PMID:23075568:abstract:0,pubmed_abstract,PMID:23075568,INSERT,BAAI/bge-m3,1024,ad77f38eb7cc396c1c4b63bd43df7f50475c2ad2920a3e0be0ac3cc041df2ab6,67e8d30b3e471d4f7ade93b69f840610581858ccebfe849e0a36bba85298820e,1.0
PMID:23545907:abstract:0,pubmed_abstract,PMID:23545907,INSERT,BAAI/bge-m3,1024,85df0aeaf3e4c425120e6e7cd47ca958fcf08b83b24371fc5f726aafcb19407d,9dad5593d87b921eefe695e2ecd2474f79648d3506166eafe615c0a50e656b99,1.0
PMID:24168559:abstract:0,pubmed_abstract,PMID:24168559,INSERT,BAAI/bge-m3,1024,126d61dcf66eb86f5b8f761cdd5daf95b66ffdc193580b54fff55ccc55905217,98371f7ae72baa5d942cd40601f3f5f51cb9a301dc5ede2ab7c4b730e1d79678,1.0
PMID:25876142:abstract:0,pubmed_abstract,PMID:25876142,INSERT,BAAI/bge-m3,1024,fe1fd755dca5c47123604ed4c67c1d1aa9cc443769b3544e79365aab0505342b,2ed81c6a757112ad531441b3eddd34ffe844f17ebac15d02bd8148ed02119a0a,1.0
PMID:26346940:abstract:0,pubmed_abstract,PMID:26346940,INSERT,BAAI/bge-m3,1024,358a718c4568f42b4e7c90e5b05d0a953d7a4ba365c4564a602eaeaea04906e0,a52e0e0d4b2f35cfa69c45509167c7c9e15c42fc538de16074c8cd6b78c5f9ea,1.0
PMID:26831423:abstract:0,pubmed_abstract,PMID:26831423,INSERT,BAAI/bge-m3,1024,d14e22a7a6d746017414aa810c330afa6715c445c74a1c98ef98ed6c86625aa0,2e2f64758b82cd66db38e6989867c48d898b82c6bf49ea30ad59180106aca78c,1.0
PMID:26859648:abstract:0,pubmed_abstract,PMID:26859648,INSERT,BAAI/bge-m3,1024,1cb3fd89b07bb2770f09796e601c0c7301f78b0f03d8eacfd3aac8626f30753f,0514ee7ceff90fbc14b9654cdcd4e3fb20bb3185b73d729b08b6e73c65978f1a,1.0
PMID:27325103:abstract:0,pubmed_abstract,PMID:27325103,INSERT,BAAI/bge-m3,1024,c9a398fc8559e871387cc8a6fc7672982fd17450272ab41ddd5d9dea5de4b63e,70dbee5fa00ba00f56bd60daa740982ac20d3db58b3628bf8cf9f16ce15f942c,1.0
PMID:27391637:abstract:0,pubmed_abstract,PMID:27391637,INSERT,BAAI/bge-m3,1024,fed7148185295950c3c69312e5302d9eaf7a71cea80bdb01bb5412c1ce53f376,7ac132c1c195d0d8bd477acd5f692bf2f74d2d258f3d91481910c5a0a6d37dd6,1.0
PMID:27756097:abstract:0,pubmed_abstract,PMID:27756097,INSERT,BAAI/bge-m3,1024,c77254bcdff50065388b8586754eafc48e085c1fcc34ff33f08d3ac19dd52b21,38350d97a44896ae6f2053b41091b527daf8439a309fd44f266c6f921b11de7e,1.0
PMID:28511614:abstract:0,pubmed_abstract,PMID:28511614,INSERT,BAAI/bge-m3,1024,c3e91ed2e2076a1b2047e4678f8804d517ea84171093fa3d49bceaa4999e4dc1,d39de716e3742a92fcc83179214e6219d8341058f9cd83c78e8dd918e6f8ef22,1.0
PMID:29181960:abstract:0,pubmed_abstract,PMID:29181960,INSERT,BAAI/bge-m3,1024,ca304d207d42db735c97ceb084d74f168200247f990287af2942204f88049ba0,8865dd193e4ff7d745207e6c670146b99cd69d5f7e82665449bc64efc5c5c9d4,1.0
PMID:29318715:abstract:0,pubmed_abstract,PMID:29318715,INSERT,BAAI/bge-m3,1024,49280f98eca0e836c3a132b3cc40a9ee1b587db556f36408d45461c5efee6f78,535ff18dab94f6fceff784290df698acd132309f35ae0adf636211ed073e1561,1.0
PMID:29328637:abstract:0,pubmed_abstract,PMID:29328637,INSERT,BAAI/bge-m3,1024,070260ea321f560e57f4bb90d578449b6b0dde3eacf8b6737bdffe42739799c1,ea16c57d10b6f1ddcce6a1eace71cebd5be8a3d6a71cabd500e479dba13b0ed1,1.0
PMID:29411520:abstract:0,pubmed_abstract,PMID:29411520,INSERT,BAAI/bge-m3,1024,624593df2e9b13bd936a23565b0c4b73e0ad2fd57bcc90cfadbc25eebddabf07,f56a035eab459ae59af1fc2a4dbac010a7d0b7792edb2e7e76e9718429017bec,1.0
PMID:29737899:abstract:0,pubmed_abstract,PMID:29737899,INSERT,BAAI/bge-m3,1024,e4bc33d1c5b75b9ea60343b3abc774690176f2530c78e9bfdc7fa8b334791a66,ad6814b9b63e150bcf42dd1f01b4b8d5870b74a4c50a45776174fa2473d5db29,1.0
PMID:30378232:abstract:0,pubmed_abstract,PMID:30378232,INSERT,BAAI/bge-m3,1024,d8423e02a4ce6ce4363613a22eb181a526440b45fec172cd28703c6405286922,3c8b67eb45d3e5922cc195d8c787eb07e32f2acc7229297bb27cc8feb20e13bd,1.0
PMID:30444533:abstract:0,pubmed_abstract,PMID:30444533,INSERT,BAAI/bge-m3,1024,586f1951956f2dc1239cd5dc2d05fdf5a95ff9467868a65c3cf880c9b433aba0,6e946ac8a39c238b99fe6f0a86cf0edbb81f6758040973a32e52d6f304071dd8,1.0
PMID:30987568:abstract:0,pubmed_abstract,PMID:30987568,INSERT,BAAI/bge-m3,1024,7a6946e211c3f1d7a63d17c42938c7b9e4d24fc3fc2f47df1397b6d60290dc51,91f7df53301e26af327cef53fa5a7bc374c460c628473c8b15da539a840cb5ef,1.0
PMID:31166601:abstract:0,pubmed_abstract,PMID:31166601,INSERT,BAAI/bge-m3,1024,c894b1675020355afff2e5289fff7dc86f99df54036d8c5ed6ac7b3dc2869911,ddc6eaf0c34f32f2f471a70b9a5328f731be69ee1ccb04cc9d44dfd671f1d00c,1.0
PMID:31328306:abstract:0,pubmed_abstract,PMID:31328306,INSERT,BAAI/bge-m3,1024,4644df5b0f9cab29a7677a7dc1742c51e9c8601aa19ef776d71f011baee5588b,ba5198d2654f03ccf6602713bab8bbf03e88cf5bdcba58857bc1a12faefa17b7,1.0
PMID:31553119:abstract:0,pubmed_abstract,PMID:31553119,INSERT,BAAI/bge-m3,1024,6e5ff4230c7bcf40c0d977bf12abaa0663fae293b87620ac662bebd95afa6531,a33e04ac569e2d9ca5cb41e3f665ac119e3ad7aa0338666d4c5e9b6732dfa5e9,1.0
PMID:31587493:abstract:0,pubmed_abstract,PMID:31587493,INSERT,BAAI/bge-m3,1024,fe233a46ca00c18b64f9dd6554521b36b12dcf9f6cabfe8558b75588e8f188d0,bc917f7980e3c08173b16e82b687daaf7f9a1b35542303fbb369865279894a44,1.0
PMID:31660683:abstract:0,pubmed_abstract,PMID:31660683,INSERT,BAAI/bge-m3,1024,9015de5159c1cfd91c36f79698bd6e1cf963900b8cdacdfb785c5113d49391bf,c08fbab651240bea790fcfa40d43399b6014075f562f591df17a828c004ff6c5,1.0
PMID:32356369:abstract:0,pubmed_abstract,PMID:32356369,INSERT,BAAI/bge-m3,1024,9b3d275dfa6295aec8b6970ec1945690fe34f5c7d3037e0e2c524be02e068705,324065aef8672ab0f6035db6c5f0166b0e882c70918edd5395179e5dfdb9f65c,1.0
PMID:32383548:abstract:0,pubmed_abstract,PMID:32383548,INSERT,BAAI/bge-m3,1024,076b7c49524c050e74028fc5cea56a627b545474c1332b12254722f6d27f55b7,0e55c0cca27bc0f2e95b78b746ccff8000661f24ddc33c7edcfc625b411ac1ef,1.0
PMID:32769524:abstract:0,pubmed_abstract,PMID:32769524,INSERT,BAAI/bge-m3,1024,27073020fdedc6b0c9f0397019a447ec03ae302354cea16187acda1d91d37f42,8472e365980934c06ddf71f10af8632f6f190b2f7f437a6733f93e468016b6f4,1.0
PMID:33150170:abstract:0,pubmed_abstract,PMID:33150170,INSERT,BAAI/bge-m3,1024,01e2dc4dc96a630f3dc9063ffed653577a9ece43e6dec56f924357f9c5599762,eec704dfea2af95a3196ef53b71e7ea7f9394dfec8c81a9af323e1913e38e6a1,1.0
PMID:33188584:abstract:0,pubmed_abstract,PMID:33188584,INSERT,BAAI/bge-m3,1024,ac3673e84fa6906969d26fb3c77a2aff80bf11d1795e2d5d260d2809364dd916,14ec687f86b7513f5e650b64d6a4e1de44236cb57324d81a8157eff2a8a9a7a9,1.0
PMID:33346506:abstract:0,pubmed_abstract,PMID:33346506,INSERT,BAAI/bge-m3,1024,da224a7289b3eb90c2a5827b6507fd332dea9219e2feef2c090404f15fc0c887,4232fec6870892fa94862d395389a657c7615eb6b93891f232a1eb295839b4c0,1.0
PMID:33458927:abstract:0,pubmed_abstract,PMID:33458927,INSERT,BAAI/bge-m3,1024,6f219928ac8f442138d152b7879819dfc30ba74a7982332a62a4b3111d48b731,b3d48191efd54149726f3fe728e482860dc1384e904d5623cffaa14c98f85f02,1.0
PMID:33934471:abstract:0,pubmed_abstract,PMID:33934471,INSERT,BAAI/bge-m3,1024,88c8bfd54bd36a966f2423f9c614cb9148758cfedb9c30b54202343360e98c02,a960a8c0232cfbd1fca5a4e791ff9214c15f0191afddf3ea07046c51c4f1f161,1.0
PMID:34077434:abstract:0,pubmed_abstract,PMID:34077434,INSERT,BAAI/bge-m3,1024,936b467e8248378c53ea48e79931e429cf9079340883c6921c824456406bd95c,08c3c5dc346a4750baa1fc0f9c358dc5bca7e8a36232307b9e7afaccb215c925,1.0
PMID:34348343:abstract:0,pubmed_abstract,PMID:34348343,INSERT,BAAI/bge-m3,1024,2732186c7ad590e02dce831a20ef3946c08f7db19b9f8b9a6673a37a3e1911c8,2c96599fcea613582498187c4a967d77715cf854c59c5ff6ae822b4fb93cdda6,1.0
PMID:34407729:abstract:0,pubmed_abstract,PMID:34407729,INSERT,BAAI/bge-m3,1024,1d38a9e2c4487f2f8d2dedd5e10e76cee6ad52f7c026ed289d400db0778813cb,d33b8691e33e1a75bdfa7eacbf195eec6ff6129b615697359e577834718cdb3b,1.0
PMID:34962047:abstract:0,pubmed_abstract,PMID:34962047,INSERT,BAAI/bge-m3,1024,3f45b6ade93ba994e6e1cc99b07cf4cfa497efd68944e13c701cd18b57dd8a8e,cf4f8f380f1eaab151d4978d517a8242dfadeced7bab487a7ed9e35d23173765,1.0
PMID:35182003:abstract:0,pubmed_abstract,PMID:35182003,INSERT,BAAI/bge-m3,1024,e3ea48b35f1c212915984728323ca4357852b443a1fcc6e2d3fd4435282a2828,01c9877cba7de0bdc4ee169273d74eb8e39c84838b2a6e1887c84b7cfb398a44,1.0
PMID:35279940:abstract:0,pubmed_abstract,PMID:35279940,INSERT,BAAI/bge-m3,1024,c49002bb21ebdba32fc57f5011a420b0204bc16d2116678f8dfec8a1804f1585,0abb83f373b0e96df0fccead92c7a74f4c99e2620b26aae0d06c1e922f525e35,1.0
PMID:35696226:abstract:0,pubmed_abstract,PMID:35696226,INSERT,BAAI/bge-m3,1024,02309b489846acba23b5ad03b60e3b01c3ae161e06c963cc07e389b2a605fa1b,1a31d2c83a9b10e714defdb6cb4c7ed1532bead70473411533b6349f5c6be92f,1.0
PMID:36176207:abstract:0,pubmed_abstract,PMID:36176207,INSERT,BAAI/bge-m3,1024,a01d17be17f785556b706a00486db56befe4233532b9541afe64e1c10084b484,36773b982d1d70741dbdc68865484babb35827a57d3a8aee6f29053acb127ea8,1.0
PMID:36200921:abstract:0,pubmed_abstract,PMID:36200921,INSERT,BAAI/bge-m3,1024,f54478b325c22e1f5a5c8dade2cf0219e934cffa4d4a46cd2a8328fdc5d18042,551b4d06f9012303a67a5a62075e935560f204ecdb157a9741fb78b0ba923e5b,1.0
PMID:36214607:abstract:0,pubmed_abstract,PMID:36214607,INSERT,BAAI/bge-m3,1024,328ad5f71c286131b7d0ba7ca8d81ad925094d8cef5c13401025d32da0806b7f,694aaab40440f076cb5f23b0e6189a6577d928d54708692a9572ae92e11d28e8,1.0
PMID:36999457:abstract:0,pubmed_abstract,PMID:36999457,INSERT,BAAI/bge-m3,1024,d96759dae9f2d43f033500d500a6cd3b8a548ea9fd2378f873f1150fd010ee4e,821d9d85e3eda51602c019ea95a5ca07ce7fe3f181fa1f2ca0aa6199257d71f8,1.0
PMID:37026889:abstract:0,pubmed_abstract,PMID:37026889,INSERT,BAAI/bge-m3,1024,7125084de572d1cbe8a94e257250ee8a8116060313c1c63d998d35979f0c41ef,8bae35baf57a2ce6cbfd83204cf09d0a54d6a6a25bd4dd88547a1957f25066ae,1.0
PMID:37335807:abstract:0,pubmed_abstract,PMID:37335807,INSERT,BAAI/bge-m3,1024,5a02ca035a6c9cf73ab163fd2d701c803a8c9154a1b7441e94f93443e9d03948,7f1e34d1356c2847d3cab991dd3c3980f01515259f239e9267cd57175e53b241,1.0
PMID:37418701:abstract:0,pubmed_abstract,PMID:37418701,INSERT,BAAI/bge-m3,1024,a1396d400ee3a9ece3d490e1d0fb4ee08305fb557101a47a0aa374c2c1eccc47,e67118587c4da143a5e04cb106716d09942b2a310d4800e3d100144bce150445,1.0
PMID:37608511:abstract:0,pubmed_abstract,PMID:37608511,INSERT,BAAI/bge-m3,1024,a8ac6b52422b0c16ab26e31a8a5fa34c951c86f9f12fe93e88fe8c156ae77827,7467753dc892e9e0d986049b803653151fe0ea5561697aabe35576971637ffc8,1.0
PMID:38206153:abstract:0,pubmed_abstract,PMID:38206153,INSERT,BAAI/bge-m3,1024,4c6ab3d20c107244468c03550ae8a23f38ffeb68c2de0797165bc1b048a12da2,5ca0e23600e0da2d64f877dbfa484dcac015a89faaeef94fc6147b913153998e,1.0
PMID:38564402:abstract:0,pubmed_abstract,PMID:38564402,INSERT,BAAI/bge-m3,1024,2d077e1fa0c0bf169d4f3444ca8c99ee7ecab3c902a54785999a329f4931c22a,4497f41682901c8f23fce6dae7706b33f20841fafc83a0b190a32edfcd5782b2,1.0
PMID:38628085:abstract:0,pubmed_abstract,PMID:38628085,INSERT,BAAI/bge-m3,1024,00ecf359eea9992b1466165ad56f2f5e6af2e3f143cf8a6a48ed3a6280ecc341,008f8a38aaad50eb22b6bc1c2c2c5dec3c9d3eac8d55bb81b46a79adbfa05b20,1.0
PMID:39162834:abstract:0,pubmed_abstract,PMID:39162834,INSERT,BAAI/bge-m3,1024,370c6834e6ba267e5d53383c5763513b71e8fb68a54a12a6cee7d74e97a3f099,87e28f802bfe6056d95d4ab584ea9c999968fb2bcb8921972a013d953ac09636,1.0
PMID:39555866:abstract:0,pubmed_abstract,PMID:39555866,INSERT,BAAI/bge-m3,1024,c351223007f15b7714e25c1b6c944aee48f5fde715fcd1e8e6896ea9bec332ee,703c73339c04d1aac2bb66b4fe903a70c6ae53ee89c55baa6165358115d32714,1.0
PMID:39968706:abstract:0,pubmed_abstract,PMID:39968706,INSERT,BAAI/bge-m3,1024,a70997cf6861638ec0d72f3d5d0323698c71db382fedd80b406c1f756b4009bc,d601281f4bb95fd652dca8f8a0601b1fc5e7005c4abe2cb2b7f47fdd8e6a3ed4,1.0
PMID:40111222:abstract:0,pubmed_abstract,PMID:40111222,INSERT,BAAI/bge-m3,1024,4c73b4613d049e89aef744d9e1addd159ce7df2e87ec8d2d1df063c45f911a55,85792176ea863e02e50eac4bc6ee17c6638fa875eae798b047a6797f63710b1c,1.0
PMID:40586182:abstract:0,pubmed_abstract,PMID:40586182,INSERT,BAAI/bge-m3,1024,ce641b5900cae0f6a4eb7842bcc73804ee0769b6415cc601de504cbc7a1bb7ec,e3484188bd686b7b1cb733e27b8c5152a97d75676f8d2a526914b54396d0979d,1.0
PMID:40682377:abstract:0,pubmed_abstract,PMID:40682377,INSERT,BAAI/bge-m3,1024,c68900e260ab14c48d3db7954f7727234eb481f72c3b26736fc5b6a5f6aecb9d,9e0c606332dd391a5d47312c4d67d661bcf5c67ec809d88e0ef6a0b54f637bd0,1.0
PMID:40970768:abstract:0,pubmed_abstract,PMID:40970768,INSERT,BAAI/bge-m3,1024,cdfe6b8361b02a7a5b85fb6179da98575839325c6cc8d7407f6d4b83cc36c739,8625bfdd86a170c1c701d943f436e1eaeace451f86c71dab66ab9b2d13950980,1.0
PMID:41134387:abstract:0,pubmed_abstract,PMID:41134387,INSERT,BAAI/bge-m3,1024,862967902d7347cdc2feab6806237ec62c29e3f57fc0554330512b835e950d39,728b37168e9fff24118173268e52c63c2a3f2b23bad5666d869b355ccfcffc5b,1.0
PMID:41211697:abstract:0,pubmed_abstract,PMID:41211697,INSERT,BAAI/bge-m3,1024,87f9c9e314221bee6457f58d5dc6a40584cc288932e0556ba788d2ffa1c12ba5,a5f606849bf5d173afc9de0d66f5957d1f102920bf540b4131dc55c873d7d26e,1.0
PMID:42324157:abstract:0,pubmed_abstract,PMID:42324157,INSERT,BAAI/bge-m3,1024,c2c240b6a05f98b16da36d4140dd204036a5480ba1b589a825971f3ed5727ed9,2a1928276d9600f44ea5e82046cc950cac8d7c627a9a4a096a589db3ceba4163,1.0
PMID:42696337:abstract:0,pubmed_abstract,PMID:42696337,INSERT,BAAI/bge-m3,1024,077b599bc3e66308871454e3db313a689d549aa9a97bf57169d8016d25aa5cd0,4b3b6bd7818202ea0459f7b5d7821d1c09e37cc561a1d1a6684194f0b86c9dd0,1.0
PMID:8033544:abstract:0,pubmed_abstract,PMID:8033544,INSERT,BAAI/bge-m3,1024,9a84b452d414f65e4ae0c2a0bbbd174dd41104d8acd769b8dcdc10fdf2738a99,040e4dc581e5aca7f38c40bee0c55cb72476d278fb41ec07617434bed9be30d7,1.0
cir_attachment:78339067-953f-de05-9d46-508a63ceca4c:40:Conclusion:0,cir,cir_attachment:78339067-953f-de05-9d46-508a63ceca4c,INSERT,BAAI/bge-m3,1024,cc2e639d7408ed31ffcf1c5e8cc5154004cb1869e9fdf37cb3befa016e7745c6,2d2e71ec7bb5a7b571a5d62e64565399e4970cc4c546c72405ed7b7ffbfc0906,1.0
cir_attachment:78339067-953f-de05-9d46-508a63ceca4c:40:Discussion:1,cir,cir_attachment:78339067-953f-de05-9d46-508a63ceca4c,INSERT,BAAI/bge-m3,1024,be043a5c058bf0c0a9286c0399794facd49f4041cf7170789bc99239d9c8f8a9,5181306a4791ffbac23f4116b190011800eeb0b34501bbd380311331900321fb,1.0
cir_attachment:d0ca1f11-8e74-ec11-8943-0022482f06a6:44:CLINICAL ASSESSMENT OF SAFETY:0,cir,cir_attachment:d0ca1f11-8e74-ec11-8943-0022482f06a6,INSERT,BAAI/bge-m3,1024,157c7953f6b414a410f4b22c239c25b4b3c5db01012cde26ba0a26834193427a,5ff1dcbd82e119b5b5c8dc0c9c9a3dcf46ec3a15dd3abfcb39ee28fda9bf2f76,1.0
cir_attachment:d0ca1f11-8e74-ec11-8943-0022482f06a6:45:CLINICAL ASSESSMENT OF SAFETY:1,cir,cir_attachment:d0ca1f11-8e74-ec11-8943-0022482f06a6,INSERT,BAAI/bge-m3,1024,46c2385aee8f1d3b59247d0dd027f042ce949d089ad678a644f3d70e90643f31,96e1c18cb17bd369c4064c3478696547d22ded5d9d18b1efa460a06cfd2f0910,1.0
cir_attachment:d0ca1f11-8e74-ec11-8943-0022482f06a6:45:CLINICAL ASSESSMENT OF SAFETY:2,cir,cir_attachment:d0ca1f11-8e74-ec11-8943-0022482f06a6,INSERT,BAAI/bge-m3,1024,8b34fc15e1fad85e07d688a976c129b70a39ff503de9e9181e4a4beec42eb861,0e13b3475667d35618a0f9834a6057f6168a557a8e26eb8d812e7bceef314ad7,1.0
cir_attachment:d0ca1f11-8e74-ec11-8943-0022482f06a6:45:CLINICAL ASSESSMENT OF SAFETY:3,cir,cir_attachment:d0ca1f11-8e74-ec11-8943-0022482f06a6,INSERT,BAAI/bge-m3,1024,58435d4a4103baa3902dd15ccb14d12b2085a26144845fb5e26d8185b43dcf4c,61d2b562e920c6f4391665271421694df58714b9e98dde72c95a96c9b7a1f879,1.0
cir_attachment:d0ca1f11-8e74-ec11-8943-0022482f06a6:46:CLINICAL ASSESSMENT OF SAFETY:4,cir,cir_attachment:d0ca1f11-8e74-ec11-8943-0022482f06a6,INSERT,BAAI/bge-m3,1024,7f7ba440d6697ceb9b902855bb45e56e5a979d28db051ba0795a0df065f0263c,f707f37e8cf606fa012a2760e4ee359bf7731bb77b2ab66dbcfa01a05794f320,1.0
cir_attachment:d0ca1f11-8e74-ec11-8943-0022482f06a6:46:CLINICAL ASSESSMENT OF SAFETY:5,cir,cir_attachment:d0ca1f11-8e74-ec11-8943-0022482f06a6,INSERT,BAAI/bge-m3,1024,033903b9883a6cb903d6c1fa7e097961055b3b6f6d46238793e070ce876b8f42,0964579832383671d2b203dc1fb6d593987130f646b80a123ebc493b281369c7,1.0
cir_attachment:d0ca1f11-8e74-ec11-8943-0022482f06a6:47:CLINICAL ASSESSMENT OF SAFETY:6,cir,cir_attachment:d0ca1f11-8e74-ec11-8943-0022482f06a6,INSERT,BAAI/bge-m3,1024,7259d998c61cf639aebd5515534123c60156ef4348ac7e7d0064f69557f2315a,df164e3ae2956db9f55c25c0f06859437da5ba2cb233f6ec760b5564cdba16e3,1.0
cir_attachment:d0ca1f11-8e74-ec11-8943-0022482f06a6:47:CLINICAL ASSESSMENT OF SAFETY:7,cir,cir_attachment:d0ca1f11-8e74-ec11-8943-0022482f06a6,INSERT,BAAI/bge-m3,1024,84bf1b67ce94151c4836326fb962a32e578ec64b9be5fb1d0f1e24842e7b46c1,634aa78499e6a8cef69b1bbbbb39d2b4583b15c115bc0c8e2013759ff3e8d52e,1.0
cir_attachment:d0ca1f11-8e74-ec11-8943-0022482f06a6:48:CLINICAL ASSESSMENT OF SAFETY:8,cir,cir_attachment:d0ca1f11-8e74-ec11-8943-0022482f06a6,INSERT,BAAI/bge-m3,1024,c38804a7a4d284bec5f082620085abe8b6130134d3956c18128c245055246548,0869c70f213fb5eac0055f07826cf151c54d00e17296f660650c1889afa90c39,1.0
cir_attachment:d0ca1f11-8e74-ec11-8943-0022482f06a6:48:CLINICAL ASSESSMENT OF SAFETY:9,cir,cir_attachment:d0ca1f11-8e74-ec11-8943-0022482f06a6,INSERT,BAAI/bge-m3,1024,91620f41e25615725ae0a7ba530a1c40da6e70267194a977b5f94058093d8d8e,92add6fc6f36e36217eec145cde4680ccd9e013dce8d60ef303e335616dfacbf,1.0
cir_attachment:d0ca1f11-8e74-ec11-8943-0022482f06a6:49:CLINICAL ASSESSMENT OF SAFETY:10,cir,cir_attachment:d0ca1f11-8e74-ec11-8943-0022482f06a6,INSERT,BAAI/bge-m3,1024,668c9fa16f57c8f4e6a653cbfed0be3f669237d90ee0a0c9cb5fb76c48c6bec9,f970016cfcce3f4bc69ca4fa1a5ae847cc36935a14a0e0e403feb628d0c4c943,1.0
cir_attachment:d0ca1f11-8e74-ec11-8943-0022482f06a6:49:CLINICAL ASSESSMENT OF SAFETY:11,cir,cir_attachment:d0ca1f11-8e74-ec11-8943-0022482f06a6,INSERT,BAAI/bge-m3,1024,7978572e4180166dd9bd7762014ab51e75392b2305855c2dab801bef2cfb5735,4491fadb64568563f81423d5c6acb8d503ecca4df73fe14b2379a4ba8643260a,1.0
cir_attachment:d0ca1f11-8e74-ec11-8943-0022482f06a6:50:CLINICAL ASSESSMENT OF SAFETY:12,cir,cir_attachment:d0ca1f11-8e74-ec11-8943-0022482f06a6,INSERT,BAAI/bge-m3,1024,5aee08925433f73bf760274215ee345e2fd9ed8fe2d618ae9d2715fdb8c20fac,35ac8824cb80948db207331f8eeccc77895ff0f1724dbb18c4236573840d8088,1.0
cir_attachment:d0ca1f11-8e74-ec11-8943-0022482f06a6:50:CLINICAL ASSESSMENT OF SAFETY:13,cir,cir_attachment:d0ca1f11-8e74-ec11-8943-0022482f06a6,INSERT,BAAI/bge-m3,1024,d4233d49c1671c07f035882363bb79e9864d9adc31a8d74f7952edc180f7f2a8,c8a1ce2962f51df0f7bb223a0be083afbd2bb43c120e11b91a9cc90c6183c53a,1.0
cir_attachment:d0ca1f11-8e74-ec11-8943-0022482f06a6:51:CLINICAL ASSESSMENT OF SAFETY:14,cir,cir_attachment:d0ca1f11-8e74-ec11-8943-0022482f06a6,INSERT,BAAI/bge-m3,1024,ddd697ae0fe8996b6f12d295ef9e75d9dc879ed38e3a96518e29351c0d7ea3ba,4c225d9decd3f30c1cc296dcf3b6460b841c5dc7cf0e854bc7be602bcea7e12f,1.0
cir_attachment:d0ca1f11-8e74-ec11-8943-0022482f06a6:51:CLINICAL ASSESSMENT OF SAFETY:15,cir,cir_attachment:d0ca1f11-8e74-ec11-8943-0022482f06a6,INSERT,BAAI/bge-m3,1024,0d4743ae6cb7c68c1dc6c4102ac95c8692aa5cc7e719a4255a0cf644f7a5fabf,1b91f7a81bcee7982606683ac062f5324c9138be423d280b78f65d940573aabe,1.0
cir_attachment:d0ca1f11-8e74-ec11-8943-0022482f06a6:52:CLINICAL ASSESSMENT OF SAFETY:16,cir,cir_attachment:d0ca1f11-8e74-ec11-8943-0022482f06a6,INSERT,BAAI/bge-m3,1024,1de1a1b73e5e7b9cb1549a5736d4d41c47055412122ecd061f126b7e55b3b198,ab741ff16befbc317451f087748dc7dec64609b8d943de631f928269eaa9db2d,1.0
cir_attachment:d0ca1f11-8e74-ec11-8943-0022482f06a6:54:DISCUSSION:17,cir,cir_attachment:d0ca1f11-8e74-ec11-8943-0022482f06a6,INSERT,BAAI/bge-m3,1024,4560c9bc2e7002e68626f77ce5701cae515af3997ecc7984ab0b4b1f75d77ac7,a8674db78f07c01f8129202ec14577d71e3b80e86e1857be842fc49e3a234e14,1.0
cir_attachment:d0ca1f11-8e74-ec11-8943-0022482f06a6:54:CONCLUSION:18,cir,cir_attachment:d0ca1f11-8e74-ec11-8943-0022482f06a6,INSERT,BAAI/bge-m3,1024,31aac97c1e49e8cb9a4d1f075a7b8141d63d2a5880b8693f8d0f0be067e82a53,947c6affef4dc60431d8b87aea27c2e532ad80ecde2350c50d5fad2744e2539e,1.0
cir_attachment:f8f3e083-2ca8-b5b4-b338-aa3ca6da8825:42:Clinical Studies:0,cir,cir_attachment:f8f3e083-2ca8-b5b4-b338-aa3ca6da8825,INSERT,BAAI/bge-m3,1024,300bfe308c915f5375b02d700d470063c6fc2288e8ce8d63f98d1ea77a883915,867e404ad26dbeb57b9fe5f4ee270aae6f18e19c6f10c53fcab4a87ab0c6421e,1.0
cir_attachment:f8f3e083-2ca8-b5b4-b338-aa3ca6da8825:42:Clinical Studies:1,cir,cir_attachment:f8f3e083-2ca8-b5b4-b338-aa3ca6da8825,INSERT,BAAI/bge-m3,1024,32c862b51bb32ad4bda1d844988a9f6307a8f7f58ba206ad23609af041557a48,2a64db5139b4d2d867533068f1ab90bbed7c9ef6986a99c2ff4c1371007c2d9f,1.0
cir_attachment:f8f3e083-2ca8-b5b4-b338-aa3ca6da8825:43:Clinical Studies:2,cir,cir_attachment:f8f3e083-2ca8-b5b4-b338-aa3ca6da8825,INSERT,BAAI/bge-m3,1024,dec3da8b6b8c0bcea521e3767f51b9f387e78f0659b9aaf1a85c4125453ede57,f737b631a27c74aa14a63df1c50833a1ee0ac95174b0bf1a02d4dde6dbcb06a0,1.0
cir_attachment:f8f3e083-2ca8-b5b4-b338-aa3ca6da8825:43:Clinical Studies:3,cir,cir_attachment:f8f3e083-2ca8-b5b4-b338-aa3ca6da8825,INSERT,BAAI/bge-m3,1024,6aa2e96d0affe8eb0b719ee996a7f3b07cf6548e96678279d1fde1565cc3e8f2,468a06bc55109b6234e5c27c964d6104be2b9d2595fad4dac14810ff63988cd8,1.0
cir_attachment:f8f3e083-2ca8-b5b4-b338-aa3ca6da8825:44:Clinical Studies:4,cir,cir_attachment:f8f3e083-2ca8-b5b4-b338-aa3ca6da8825,INSERT,BAAI/bge-m3,1024,cbf80531cbb5e9eb1f4938fa23782330f9b6954c0f9777a6ec0e5d109e4f79fd,31703c6cb198751c9ab4e3412b57e32c2d1d3cee73c4f19cd9170f0d2cbe4044,1.0
cir_attachment:f8f3e083-2ca8-b5b4-b338-aa3ca6da8825:48:Discussion:5,cir,cir_attachment:f8f3e083-2ca8-b5b4-b338-aa3ca6da8825,INSERT,BAAI/bge-m3,1024,94f6ee311ba863a99f024394a42eef3ab66018b408c94b280f030488a1c26383,5e79ab8a0b13fa61166410c5460ff6055530c952b2613526ab4768d371b360ca,1.0
cir_attachment:f8f3e083-2ca8-b5b4-b338-aa3ca6da8825:49:Discussion:6,cir,cir_attachment:f8f3e083-2ca8-b5b4-b338-aa3ca6da8825,INSERT,BAAI/bge-m3,1024,3066648153cd65aa6300777411dcda106143b11f2275681476823d89894a3410,4a032de1ed8dba01373163933ca9090791400d0392a45342764968b239b06c3f,1.0
cir_attachment:f8f3e083-2ca8-b5b4-b338-aa3ca6da8825:49:Discussion:7,cir,cir_attachment:f8f3e083-2ca8-b5b4-b338-aa3ca6da8825,INSERT,BAAI/bge-m3,1024,815f4b8d80faf40b90a63b850453ebfb444bbf300ec3223000c269d9942745d3,dcd03d692da69b0ad5b4e43bd7a753ed1e698d3d6b0e6f1b4e9359c5cd0d1b61,1.0
cir_attachment:f8f3e083-2ca8-b5b4-b338-aa3ca6da8825:49:Conclusion:8,cir,cir_attachment:f8f3e083-2ca8-b5b4-b338-aa3ca6da8825,INSERT,BAAI/bge-m3,1024,f4a3bc9af4496e9107a2975546d82dfb13b19d768cd53fe4fee75be171617763,da245f8bcc50f8e62cb3a1b5238a2549c664994532f44a329d110ee3866c40c8,1.0
cir_attachment:f8f3e083-2ca8-b5b4-b338-aa3ca6da8825:50:Conclusion:9,cir,cir_attachment:f8f3e083-2ca8-b5b4-b338-aa3ca6da8825,INSERT,BAAI/bge-m3,1024,b092fd461720cc24741c0ed484596d6a9e2ed72791ba68ebafc50ebb667ebd4c,26606cb0ede576faf5bf982858cfe6d1fd4a29bee0a111e7816d1f024abbcdd1,1.0
cir_attachment:cd3b62ad-1279-3043-bf9f-58ee259b08ba:10:Clinical Studies:0,cir,cir_attachment:cd3b62ad-1279-3043-bf9f-58ee259b08ba,INSERT,BAAI/bge-m3,1024,309422e5768e44635bd050a08b4dbcebd2d807270bdb883ccfb4145607933734,b9afce8e4a470843cf6b07c4c92737239b08d1bd0c6399afb2dbc4ef675b154e,1.0
cir_attachment:cd3b62ad-1279-3043-bf9f-58ee259b08ba:10:Clinical Studies:1,cir,cir_attachment:cd3b62ad-1279-3043-bf9f-58ee259b08ba,INSERT,BAAI/bge-m3,1024,0a5c82c5bd7ed3666f59353c9fc1c9595cb21d95731b15babb59867d6227eb90,3cac98483dc8b6012aa7751a6ef32607ab50314525d09f6da224dec5d769052c,1.0
cir_attachment:cd3b62ad-1279-3043-bf9f-58ee259b08ba:11:Clinical Studies:2,cir,cir_attachment:cd3b62ad-1279-3043-bf9f-58ee259b08ba,INSERT,BAAI/bge-m3,1024,910b5da573c058441846fd1de4f8277218a63120b06c2b81b8bdc0931f769c2f,b14ce52cf0aa7d5b6fc92c34418a9810ef428e763b6b9fb07b377e70b8ce90ca,1.0
cir_attachment:cd3b62ad-1279-3043-bf9f-58ee259b08ba:12:Discussion:3,cir,cir_attachment:cd3b62ad-1279-3043-bf9f-58ee259b08ba,INSERT,BAAI/bge-m3,1024,e598d690c16fe71f02a4b31747e00d0d9364ad7481a70033ee3c16c430756883,0ce1c3ebe043fb0f3bd70ad8b1b19b7f1da4abfcb17169fc723020572caa4706,1.0
cir_attachment:cd3b62ad-1279-3043-bf9f-58ee259b08ba:12:Discussion:4,cir,cir_attachment:cd3b62ad-1279-3043-bf9f-58ee259b08ba,INSERT,BAAI/bge-m3,1024,01bd329e1a4a1e49bf662cc69214b7ba520805b1187e1ec92207644f3deb3a2e,27ca983d4024f84e51007b7e46d3dc964b0157d2a33fb43ea630ea697752b5cc,1.0
cir_attachment:cd3b62ad-1279-3043-bf9f-58ee259b08ba:12:Conclusion:5,cir,cir_attachment:cd3b62ad-1279-3043-bf9f-58ee259b08ba,INSERT,BAAI/bge-m3,1024,1e689e4230b7b3f7e828d9c1897cf931f2012b19908fde77f31f086504048536,ef40acfd9b7e8c4a8074ebbfc55df6c509332f43841f331efc46d033f379e655,1.0
cir_attachment:cd3b62ad-1279-3043-bf9f-58ee259b08ba:13:Conclusion:6,cir,cir_attachment:cd3b62ad-1279-3043-bf9f-58ee259b08ba,INSERT,BAAI/bge-m3,1024,b03dc008096b0cc52fa87688ac4bfa261ba6fbdee01950b85c36f23b4adb33d9,3922e4f844a53853af2cf302b3342c40f4c30ae1f655f1bdfbdbeca568b77d75,1.0
cir_attachment:995efb2f-f539-86e3-8575-19bea03f915e:13:Clinical Studies:0,cir,cir_attachment:995efb2f-f539-86e3-8575-19bea03f915e,INSERT,BAAI/bge-m3,1024,988c50f636d7797c973cc2bb290efae8e32595b7904702f3b706ce43d8aaf6de,3dbd17ab74285ee84fea0f9b617f8aa5e4d8ea24969caba3edd02d511c03b403,1.0
cir_attachment:995efb2f-f539-86e3-8575-19bea03f915e:14:Clinical Studies:1,cir,cir_attachment:995efb2f-f539-86e3-8575-19bea03f915e,INSERT,BAAI/bge-m3,1024,5238abe2984d4734f653d2a5063404c782928dbfe3ebda79cae766bbd8e1d19a,50cac23c8670059b361b6f2a7d6afeedd8ebdf8b7aedd5a696a9751b60bfd8bc,1.0
cir_attachment:995efb2f-f539-86e3-8575-19bea03f915e:16:Conclusion:2,cir,cir_attachment:995efb2f-f539-86e3-8575-19bea03f915e,INSERT,BAAI/bge-m3,1024,e5a690c865bcc9529ace42fd5c76b0897a5dc4a5790a6e25a3b4a7e103957dd8,8da314a92fc61670d044b279d0b9d9a2565f149d026ea682b291a3be836eb78b,1.0
