pmid,linked_ingredient,title,full_abstract,existing_db_chunk_content,existing_db_chunk_id,collection_lineage,auto_exclusion_reason,route,study_type,directness,skin_relevance,claim_topic,existing_ingredient_linkage,reviewer_verdict_so_far,proposed_verdict
10971324,Niacinamide,Nicotinamide increases biosynthesis of ceramides as well as other stratum corneum lipids to improve the epidermal permeability barrier,"BACKGROUND: Stratum corneum lipids, particularly ceramides, are important components of the epidermal permeability barrier that are decreased in atopic dermatitis and aged skin.
OBJECTIVES: We investigated the effects of nicotinamide, one of the B vitamins, on biosynthesis of sphingolipids, including ceramides and other stratum corneum lipids, in cultured normal human keratinocytes, and on the epidermal permeability barrier in vivo.
METHODS: The rate of sphingolipid biosynthesis was measured by the incorporation of [14C]-serine into sphingolipids.
RESULTS: When the cells were incubated with 1-30 micromol L-1 nicotinamide for 6 days, the rate of ceramide biosynthesis was increased dose-dependently by 4.1-5. 5-fold on the sixth day compared with control. Nicotinamide also increased the synthesis of glucosylceramide (7.4-fold) and sphingomyelin (3.1-fold) in the same concentration range effective for ceramide synthesis. Furthermore, the activity of serine palmitoyltransferase (SPT), the rate-limiting enzyme in sphingolipid synthesis, was increased in nicotinamide-treated cells. Nicotinamide increased the levels of human LCB1 and LCB2 mRNA, both of which encode subunits of SPT. This suggested that the increase in SPT activity was due to an increase in SPT mRNA. Nicotinamide increased not only ceramide synthesis but also free fatty acid (2.3-fold) and cholesterol synthesis (1.5-fold). Topical application of nicotinamide increased ceramide and free fatty acid levels in the stratum corneum, and decreased transepidermal water loss in dry skin.
CONCLUSIONS: Nicotinamide improved the permeability barrier by stimulating de novo synthesis of ceramides, with upregulation of SPT and other intercellular lipids.","2. Br J Dermatol. 2000 Sep;143(3):524-31. doi: 10.1111/j.1365-2133.2000.03705.x.

Nicotinamide increases biosynthesis of ceramides as well as other stratum
corneum lipids to improve the epidermal permeability barrier.

Tanno O(1), Ota Y, Kitamura N, Katsube T, Inoue S.

Author information:
(1)Basic Research Laboratory, Kanebo Ltd, 5-3-28 Kotobuki-cho, Odawara-shi,
Kanagawa 250-0002, Japan.

BACKGROUND: Stratum corneum lipids, particularly ceramides, are important
components of the epidermal permeability barrier that are decreased in atopic
dermatitis and aged skin.
OBJECTIVES: We investigated the effects of nicotinamide, one of the B vitamins,
on biosynthesis of sphingolipids, including ceramides and other stratum corneum
lipids, in cultured normal human keratinocytes, and on the epidermal
permeability barrier in vivo.
METHODS: The rate of sphingolipid biosynthesis was measured by the incorporation
of [14C]-serine into sphingolipids.
RESULTS: When the cells were incubated with 1-30 micromol L-1 nicotinamide for 6
days, the rate of ceramide biosynthesis was increased dose-dependently by 4.1-5.
5-fold on the sixth day compared with control. Nicotinamide also increased the
synthesis of glucosylceramide (7.4-fold) and sphingomyelin (3.1-fold) in the
same concentration range effective for ceramide synthesis. Furthermore, the
activity of serine palmitoyltransferase (SPT), the rate-limiting enzyme in
sphingolipid synthesis, was increased in nicotinamide-treated cells.
Nicotinamide increased the levels of human LCB1 and LCB2 mRNA, both of which
encode subunits of SPT. This suggested that the increase in SPT activity was due
to an increase in SPT mRNA. Nicotinamide increased not only ceramide synthesis
but also free fatty acid (2.3-fold) and cholesterol synthesis (1.5-fold).
Topical application of nicotinamide increased ceramide and free fatty acid
levels in the stratum corneum, and decreased transepidermal water loss in dry
skin.
CONCLUSIONS: Nicotinamide improved the permeability barrier by stimulating de
novo synthesis of ceramides, with upregulation of SPT and other intercellular
lipids.

DOI: 10.1111/j.1365-2133.2000.03705.x
PMID: 10971324 [Indexed for MEDLINE]",PMID:10971324:abstract:0,"Cholesterol: disposition=candidate, in_final_result=False; Sphingolipids: disposition=candidate, in_final_result=False",Cholesterol: non_clinical_study_design; Sphingolipids: non_clinical_study_design,not_applicable,in_vitro,not_graded,relevant,efficacy,Niacinamide,NOT_REVIEWED,KEEP
17613133,Dipotassium Glycyrrhizate,"Final report on the safety assessment of Glycyrrhetinic Acid, Potassium Glycyrrhetinate, Disodium Succinoyl Glycyrrhetinate, Glyceryl Glycyrrhetinate, Glycyrrhetinyl Stearate, Stearyl Glycyrrhetinate, Glycyrrhizic Acid, Ammonium Glycyrrhizate, Dipotassium Glycyrrhizate, Disodium Glycyrrhizate, Trisodium Glycyrrhizate, Methyl Glycyrrhizate, and Potassium Glycyrrhizinate.","Glycyrrhetinic Acid and its salts and esters and Glycyrrhizic Acid and its salts and esters are cosmetic ingredients that function as flavoring agents or skin-conditioning agents - miscellaneous or both. These chemicals may be isolated from licorice plants. Glycyrrhetinc Acid is described as at least 98% pure, with 0.6% 24-OH-Glycyrrhetinic Acid, not more than 20 mu g/g of heavy metals and not more than 2 mu g/g of arsenic. Ammonium Glycyrrhizate has been found to be at least 98% pure and Dipotassium Glycyrrhizate has been found to be at least 95% pure. Glycyrrhetinic Acid is used in cosmetics at concentrations of up to 2%; Stearyl Glycyrrhetinate, up to 1%; Glycyrrhizic Acid, up to 0.1%; Ammonium Glycyrrhizate, up to 5%; Dipotassium Glycyrrhizate, up to 1%; and Potassium Glycyrretinate, up to 1%. Although Glycyrrhizic Acid is poorly absorbed by the intestinal tract, it may be hydrolyzed to Glycyrrhetinic Acid by a beta -glucuronidase produced by intestinal bacteria. Glycyrrhetinic Acid and Glycyrrhizic Acid bind to rat and human albumin, but do not absorb well into tissues. Glycyrrhetinic Acid and Glycyrrhizic Acid and metabolites are mostly excreted in the bile, with very little excreted in urine. Dipotassium Glycyrrhizate was undetectable in the receptor chamber when tested for transepidermal permeation through pig skin. Glycyrrhizic Acid increased the dermal penetration of diclofenac sodium in rat skin. Dipotassium Glycyrrhizate increased the intestinal absorption of calcitonin in rats. In humans, Glycyrrhetinic Acid potentiated the effects of hydrocortisone in the skin. Moderate chronic or high acute exposure to Glycyrrhizic Acid, Ammonium Glycyrrhizate, and their metabolites have been demonstrated to cause transient systemic alterations, including increased potassium excretion, sodium and water retention, body weight gain, alkalosis, suppression of the renin-angiotensis-aldosterone system, hypertension, and muscular paralysis; possibly through inhibition of 11beta -hydroxysteroid dehydrogenase-2 (11beta -OHSD2) in the kidney. Glycyrrhetinic Acid and its derivatives block gap junction intracellular communication in a dose-dependent manner in animal and human cells, including epithelial cells, fibroblasts, osteoblasts, hepatocytes, and astrocytes; at high concentrations, it is cytotoxic. Glycyrrhetinic Acid and Glycyrrhizic Acid protect liver tissue from carbon tetrachloride. Glycyrrhizic Acid has been used to treat chronic hepatitis, inhibiting the penetration of the hepatitis A virus into hepatocytes. Glycyrrhetinic Acid and Glycyrrhizic Acid have anti-inflammatory effects in rats and mice. The acute intraperitoneal LD(50) for Glycyrrhetinic Acid in mice was 308 mg/kg and the oral LD(50) was > 610 mg/kg. The oral LD(50) in rats was reported to be 610 mg/kg. Higher LD(50) values were generally reported for salts. Little short-term, subchronic, or chronic toxicity was seen in rats given ammonium, dipotassium, or disodium salts of Glycyrrhizic Acid. Glycyrrhetinic Acid was not irritating to shaved rabbit skin, but was considered slightly irritating in an in vitro test. Glycyrrhetinic Acid inhibited the mutagenic activity of benzo[a]pyrene and inhibited tumor initiation and promotion by other agents in mice. Glycyrrhizic Acid inhibited tumor initiation by another agent, but did not prevent tumor promotion in mice. Glycyrrhizic Acid delayed mortality in mice injected with Erlich ascites tumor cells, but did not reduce the mortality rate. Ammonium Glycyrrhizate was not genotoxic in in vivo and in vitro cytogenetics assays, the dominant lethal assay, an Ames assay, and heritable translocation tests, except for possible increase in dominant lethal mutations in rats given 2000 mg/kg day(-1) in their diet. Disodium Glycyrrhizate was not carcinogenic in mice in a drinking water study at exposure levels up to 12.2 mg/kg day(-1) for 96 weeks. Glycyrrhizate salts produced no reproductive or developmental toxicity in rats, mice, golden hamsters, or Dutch-belted rabbits, except for a dose-dependent increase (at 238.8 and 679.9 mg/kg day(-1)) in sternebral variants in a study using rats. Sedation, hypnosis, hypothermia, and respiratory depression were seen in mice given 1250 mg/kg Glycyrrhetinic Acid intraperitoneally. Rats fed a powdered diet containing up to 4% Ammonium Glycyrrhizate had no treatment related effects in motor function tests, but active avoidance was facilitated at 4%, unaffected at 3%, and depressed at 2%. In a study of 39 healthy volunteers, a no effect level of 2 mg/kg/day was determined for Glycyrrhizic Acid given orally for 8 weeks. Clinical tests in seven normal individuals given oral Ammonium Glycyrrhizate at 6 g/day for 3 days revealed reduced renal and thermal sweat excretion of Na+ and K+, but carbohydrate and protein metabolism were not affected. Glycyrrhetinic Acid at concentrations up to 6% was not a skin irritant or a sensitizer in clinical tests. Neither Glycyrrhizic Acid, Ammonium Glycyrrhizate, nor Dipotassium Glycyrrhizate at 5% were phototoxic agents or photosensitizers. Birth weight and maternal blood pressure were unrelated to the level of consumption of Glycyrrhizic Acid in 1049 Finnish women with infants, but babies whose mother consumed > 500 mg/wk were more likely to be born before 38 weeks. The Cosmetic Ingredient Review (CIR) Expert Panel noted that the ingredients in this safety assessment are not plant extracts, powders, or juices, but rather are specific chemical species that may be isolated from the licorice plant. Because these chemicals may be isolated from plant sources, however, steps should be taken to assure that pesticide and toxic metal residues are below acceptable levels. The Panel advised the industry that total polychlorobiphenyl (PCB)/pesticide contamination should be limited to not more than 40 ppm, with not more than 10 ppm for any specific residue, and that toxic metal levels must not contain more than 3 mg/kg of arsenic (as As), not more than 0.002% heavy metals, and not more than 1 mg/kg of lead (as Pb). Although the Panel noted that Glycyrrhizic Acid is cytotoxic at high doses and ingestion can have physiological effects, there is little acute, short-term, subchronic, or chronic toxicity and it is expected that these ingredients would be poorly absorbed through the skin. These ingredients are not considered to be irritants, sensitizers, phototoxic agents, or photosensitizers at the current maximum concentration of use. Accordingly, the CIR Expert Panel concluded that these ingredients are safe in the current practices of use and concentration. The Panel recognizes that certain ingredients in this group are reportedly used in a given product category, but the concentration of use is not available. For other ingredients in this group, information regarding use concentration for specific product categories is provided, but the number of such products is not known. In still other cases, an ingredient is not in current use, but may be used in the future. Although there are gaps in knowledge about product use, the overall information available on the types of products in which these ingredients are used and at what concentration indicate a pattern of use. Within this overall pattern of use, the Expert Panel considers all ingredients in this group to be safe.","Glycyrrhetinic Acid and its salts and esters and Glycyrrhizic Acid and its salts and esters are cosmetic ingredients that function as flavoring agents or skin-conditioning agents - miscellaneous or both. These chemicals may be isolated from licorice plants. Glycyrrhetinc Acid is described as at least 98% pure, with 0.6% 24-OH-Glycyrrhetinic Acid, not more than 20 mu g/g of heavy metals and not more than 2 mu g/g of arsenic. Ammonium Glycyrrhizate has been found to be at least 98% pure and Dipotassium Glycyrrhizate has been found to be at least 95% pure. Glycyrrhetinic Acid is used in cosmetics at concentrations of up to 2%; Stearyl Glycyrrhetinate, up to 1%; Glycyrrhizic Acid, up to 0.1%; Ammonium Glycyrrhizate, up to 5%; Dipotassium Glycyrrhizate, up to 1%; and Potassium Glycyrretinate, up to 1%. Although Glycyrrhizic Acid is poorly absorbed by the intestinal tract, it may be hydrolyzed to Glycyrrhetinic Acid by a beta -glucuronidase produced by intestinal bacteria. Glycyrrhetinic Acid and Glycyrrhizic Acid bind to rat and human albumin, but do not absorb well into tissues. Glycyrrhetinic Acid and Glycyrrhizic Acid and metabolites are mostly excreted in the bile, with very little excreted in urine. Dipotassium Glycyrrhizate was undetectable in the receptor chamber when tested for transepidermal permeation through pig skin. Glycyrrhizic Acid increased the dermal penetration of diclofenac sodium in rat skin. Dipotassium Glycyrrhizate increased the intestinal absorption of calcitonin in rats. In humans, Glycyrrhetinic Acid potentiated the effects of hydrocortisone in the skin. Moderate chronic or high acute exposure to Glycyrrhizic Acid, Ammonium Glycyrrhizate, and their metabolites have been demonstrated to cause transient systemic alterations, including increased potassium excretion, sodium and water retention, body weight gain, alkalosis, suppression of the renin-angiotensis-aldosterone system, hypertension, and muscular paralysis; possibly through inhibition of 11beta -hydroxysteroid dehydrogenase-2 (11beta -OHSD2) in the kidney. Glycyrrhetinic Acid and its derivatives block gap junction intracellular communication in a dose-dependent manner in animal and human cells, including epithelial cells, fibroblasts, osteoblasts, hepatocytes, and astrocytes; at high concentrations, it is cytotoxic. Glycyrrhetinic Acid and Glycyrrhizic Acid protect liver tissue from carbon tetrachloride. Glycyrrhizic Acid has been used to treat chronic hepatitis, inhibiting the penetration of the hepatitis A virus into hepatocytes. Glycyrrhetinic Acid and Glycyrrhizic Acid have anti-inflammatory effects in rats and mice. The acute intraperitoneal LD(50) for Glycyrrhetinic Acid in mice was 308 mg/kg and the oral LD(50) was > 610 mg/kg. The oral LD(50) in rats was reported to be 610 mg/kg. Higher LD(50) values were generally reported for salts. Little short-term, subchronic, or chronic toxicity was seen in rats given ammonium, dipotassium, or disodium salts of Glycyrrhizic Acid. Glycyrrhetinic Acid was not irritating to shaved rabbit skin, but was considered slightly irritating in an in vitro test. Glycyrrhetinic Acid inhibited the mutagenic activity of benzo[a]pyrene and inhibited tumor initiation and promotion by other agents in mice. Glycyrrhizic Acid inhibited tumor initiation by another agent, but did not prevent tumor promotion in mice. Glycyrrhizic Acid delayed mortality in mice injected with Erlich ascites tumor cells, but did not reduce the mortality rate. Ammonium Glycyrrhizate was not genotoxic in in vivo and in vitro cytogenetics assays, the dominant lethal assay, an Ames assay, and heritable translocation tests, except for possible increase in dominant lethal mutations in rats given 2000 mg/kg day(-1) in their diet. Disodium Glycyrrhizate was not carcinogenic in mice in a drinking water study at exposure levels up to 12.2 mg/kg day(-1) for 96 weeks. Glycyrrhizate salts produced no reproductive or developmental toxicity in rats, mice, golden hamsters, or Dutch-belted rabbits, except for a dose-dependent increase (at 238.8 and 679.9 mg/kg day(-1)) in sternebral variants in a study using rats. Sedation, hypnosis, hypothermia, and respiratory depression were seen in mice given 1250 mg/kg Glycyrrhetinic Acid intraperitoneally. Rats fed a powdered diet containing up to 4% Ammonium Glycyrrhizate had no treatment related effects in motor function tests, but active avoidance was facilitated at 4%, unaffected at 3%, and depressed at 2%. In a study of 39 healthy volunteers, a no effect level of 2 mg/kg/day was determined for Glycyrrhizic Acid given orally for 8 weeks. Clinical tests in seven normal individuals given oral Ammonium Glycyrrhizate at 6 g/day for 3 days revealed reduced renal and thermal sweat excretion of Na+ and K+, but carbohydrate and protein metabolism were not affected. Glycyrrhetinic Acid at concentrations up to 6% was not a skin irritant or a sensitizer in clinical tests. Neither Glycyrrhizic Acid, Ammonium Glycyrrhizate, nor Dipotassium Glycyrrhizate at 5% were phototoxic agents or photosensitizers. Birth weight and maternal blood pressure were unrelated to the level of consumption of Glycyrrhizic Acid in 1049 Finnish women with infants, but babies whose mother consumed > 500 mg/wk were more likely to be born before 38 weeks. The Cosmetic Ingredient Review (CIR) Expert Panel noted that the ingredients in this safety assessment are not plant extracts, powders, or juices, but rather are specific chemical species that may be isolated from the licorice plant. Because these chemicals may be isolated from plant sources, however, steps should be taken to assure that pesticide and toxic metal residues are below acceptable levels. The Panel advised the industry that total polychlorobiphenyl (PCB)/pesticide contamination should be limited to not more than 40 ppm, with not more than 10 ppm for any specific residue, and that toxic metal levels must not contain more than 3 mg/kg of arsenic (as As), not more than 0.002% heavy metals, and not more than 1 mg/kg of lead (as Pb). Although the Panel noted that Glycyrrhizic Acid is cytotoxic at high doses and ingestion can have physiological effects, there is little acute, short-term, subchronic, or chronic toxicity and it is expected that these ingredients would be poorly absorbed through the skin. These ingredients are not considered to be irritants, sensitizers, phototoxic agents, or photosensitizers at the current maximum concentration of use. Accordingly, the CIR Expert Panel concluded that these ingredients are safe in the current practices of use and concentration. The Panel recognizes that certain ingredients in this group are reportedly used in a given product category, but the concentration of use is not available. For other ingredients in this group, information regarding use concentration for specific product categories is provided, but the number of such products is not known. In still other cases, an ingredient is not in current use, but may be used in the future. Although there are gaps in knowledge about product use, the overall information available on the types of products in which these ingredients are used and at what concentration indicate a pattern of use. Within this overall pattern of use, the Expert Panel considers all ingredients in this group to be safe.",PMID:17613133:abstract:0,"Dipotassium Glycyrrhizate: disposition=candidate, in_final_result=True; Ammonium Glycyrrhizate: disposition=candidate, in_final_result=True",Ammonium Glycyrrhizate: route_unclear; Dipotassium Glycyrrhizate: route_unclear,unclear,review,not_graded,relevant,efficacy; precaution,Dipotassium Glycyrrhizate,NOT_REVIEWED,EXCLUDE
21822427,Niacinamide,"A Double-Blind, Randomized Clinical Trial of Niacinamide 4% versus Hydroquinone 4% in the Treatment of Melasma",,"4. Dermatol Res Pract. 2011;2011:379173. doi: 10.1155/2011/379173. Epub 2011 Jul
21.

A Double-Blind, Randomized Clinical Trial of Niacinamide 4% versus Hydroquinone
4% in the Treatment of Melasma.

Navarrete-Solís J(1), Castanedo-Cázares JP, Torres-Álvarez B, Oros-Ovalle C,
Fuentes-Ahumada C, González FJ, Martínez-Ramírez JD, Moncada B.

Author information:
(1)Department of Dermatology, Hospital Central, Universidad Autónoma de San Luis
Potosí, San Luis Potosí, Mexico.

Background. Multiple modalities have been used in the treatment of melasma with
variable success. Niacinamide has anti-inflammatory properties and is able to
decrease the transfer of melanosomes. Objective. To evaluate the therapeutic
effect of topical niacinamide versus hydroquinone (HQ) in melasma patients.
Patients and Methods. Twenty-seven melasma patients were randomized to receive
for eight weeks 4% niacinamide cream on one side of the face, and 4% HQ cream on
the other. Sunscreen was applied along the observation period. They were
assessed by noninvasive techniques for the evaluation of skin color, as well as
subjective scales and histological sections initially and after the treatment
with niacinamide. Results. All patients showed pigment improvement with both
treatments. Colorimetric measures did not show statistical differences between
both sides. However, good to excellent improvement was observed with niacinamide
in 44% of patients, compared to 55% with HQ. Niacinamide reduced importantly the
mast cell infiltrate and showed improvement of solar elastosis in melasma skin.
Side effects were present in 18% with niacinamide versus 29% with HQ.
Conclusion. Niacinamide induces a decrease in pigmentation, inflammatory
infiltrate, and solar elastosis. Niacinamide is a safe and effective therapeutic
agent for this condition.

DOI: 10.1155/2011/379173
PMCID: PMC3142702
PMID: 21822427",PMID:21822427:abstract:0,pubmed_full.jsonl/pubmed_smoke50.jsonl에 기록 없음 (출처 불명),해당 없음 - 이 PMID는 전수 수집 파이프라인 기록 자체가 없음,N/A,N/A,N/A,N/A,N/A,Niacinamide,NOT_REVIEWED,KEEP
21982351,Panthenol,Skin moisturizing effects of panthenol-based formulations.,"This study aims to evaluate the skin moisturizing efficacy of formulations containing different concentrations of panthenol. Formulations supplemented with or without 0.5%, 1.0%, or 5.0% panthenol were applied daily to the forearms of healthy subjects. Skin conditions in terms of moisture and transepidermal water loss (TEWL) were analyzed before and after 15- and 30-day periods of application. The formulations were also applied after skin washing with sodium laureth sulphate (SLES) to evaluate the immediate effects on TEWL and skin moisture. Panthenol-containing formulations (1.0% and 5.0%) produced significant decreases in TEWL after 30-day applications. In skin washed with SLES, significant reduction of TEWL was evident two hours after application of formulations loaded with panthenol when compared with control and vehicle. It is concluded that skin integrity is maintained by the improved protective effect of 1.0% panthenol added to the formulation.","This study aims to evaluate the skin moisturizing efficacy of formulations containing different concentrations of panthenol. Formulations supplemented with or without 0.5%, 1.0%, or 5.0% panthenol were applied daily to the forearms of healthy subjects. Skin conditions in terms of moisture and transepidermal water loss (TEWL) were analyzed before and after 15- and 30-day periods of application. The formulations were also applied after skin washing with sodium laureth sulphate (SLES) to evaluate the immediate effects on TEWL and skin moisture. Panthenol-containing formulations (1.0% and 5.0%) produced significant decreases in TEWL after 30-day applications. In skin washed with SLES, significant reduction of TEWL was evident two hours after application of formulations loaded with panthenol when compared with control and vehicle. It is concluded that skin integrity is maintained by the improved protective effect of 1.0% panthenol added to the formulation.",PMID:21982351:abstract:0,"Panthenol: disposition=candidate, in_final_result=True",Panthenol: route_unclear,unclear,human_study,not_graded,relevant,efficacy,Panthenol,NOT_REVIEWED,KEEP
27324942,Hyaluronic Acid,Physiochemical properties and application of hyaluronic acid: a systematic review.,"BACKGROUND: Hyaluronic acid is a widely available, biocompatible, polysaccharide with distinguishing physiochemical properties which inspire its application throughout several fields of medicine.
OBJECTIVE: We aim to investigate the application of hyaluronic acid and its effectiveness throughout several fields of medicine, including several therapies administered and prescribed by general health practitioners.
METHODS: We conducted a systematic review on randomized controlled trials about the physiochemical properties of hyaluronic acid and its application through primary care. Studies included in this review were peer reviewed and met our inclusion criteria.
FINDINGS: Factors were clustered into the following: uses throughout several fields of medicine, physiochemical properties, bioavailability, tolerance, effectiveness, and adverse effects. Therapies with hyaluronic acid provided long-lasting, pain relieving, moisturizing, lubricating, and dermal filling effect. Tissue hydration, elasticity, and durability improved.
CONCLUSIONS: Adjunct therapy with hyaluronic acid provides longer-lasting therapeutic effect when compared to the use of glucocorticosteroids and NSAIDs in osteoarthritic chronic diseases, is well-established in ophthalmology due to its lubricating properties for the corneal endothelium, and improves tissue hydration and cellular resistance to mechanical damage in aesthetic dermatology, and has marginal adverse effects. Several trials indicated its role in tumor markers, liver diseases, and in pharmaceuticals, but further research would be necessary to draw conclusive results in those fields.","BACKGROUND: Hyaluronic acid is a widely available, biocompatible, polysaccharide with distinguishing physiochemical properties which inspire its application throughout several fields of medicine.
OBJECTIVE: We aim to investigate the application of hyaluronic acid and its effectiveness throughout several fields of medicine, including several therapies administered and prescribed by general health practitioners.
METHODS: We conducted a systematic review on randomized controlled trials about the physiochemical properties of hyaluronic acid and its application through primary care. Studies included in this review were peer reviewed and met our inclusion criteria.
FINDINGS: Factors were clustered into the following: uses throughout several fields of medicine, physiochemical properties, bioavailability, tolerance, effectiveness, and adverse effects. Therapies with hyaluronic acid provided long-lasting, pain relieving, moisturizing, lubricating, and dermal filling effect. Tissue hydration, elasticity, and durability improved.
CONCLUSIONS: Adjunct therapy with hyaluronic acid provides longer-lasting therapeutic effect when compared to the use of glucocorticosteroids and NSAIDs in osteoarthritic chronic diseases, is well-established in ophthalmology due to its lubricating properties for the corneal endothelium, and improves tissue hydration and cellular resistance to mechanical damage in aesthetic dermatology, and has marginal adverse effects. Several trials indicated its role in tumor markers, liver diseases, and in pharmaceuticals, but further research would be necessary to draw conclusive results in those fields.",PMID:27324942:abstract:0,"Hyaluronic Acid: disposition=selected, in_final_result=True",Hyaluronic Acid: None,topical,review,topical_review,relevant,efficacy; precaution,Hyaluronic Acid,UNCERTAIN,EXCLUDE
34348350,Ceramide NP,A Lipid Mixture Enriched by Ceramide NP with Fatty Acids of Diverse Chain Lengths Contributes to Restore the Skin Barrier Function Impaired by Topical Corticosteroid.,"INTRODUCTION: The stratum corneum (SC) is a skin barrier that consists of corneocytes, intercellular lipids, and corneodesmosomes. Ceramides are composed of sphingoid bases linked with various types of fatty acids (FAs), and they are an essential constituent of SC intercellular lipids. Among their subtypes, ceramide NP with a phytosphingosine base is especially important. Most of the previous studies on barrier recovery have focused on a specific ceramide with a single chain FA, not with diverse chain lengths. Skin barrier function is impaired by various factors, including topical corticosteroid.
OBJECTIVE: We evaluated whether a lipid mixture enriched by ceramide NP with FAs of diverse chain lengths (CER [NP]*) can restore the skin barrier function impaired by topical corticosteroid.
METHODS: Twenty-seven healthy adult male volunteers were recruited. Topical corticosteroid was applied on both volar forearms of volunteers. Then, the test cream containing a lipid mixture with CER (NP)* was applied on the left forearm, and a vehicle cream without a lipid mixture was applied on the right forearm of each subject. The functional parameters of the skin barrier were compared before and after the treatment. Epidermal differentiation markers, hyaluronic acid synthase 3 (HAS3), cytokine levels, and the lipid profiles in the SC were analyzed.
RESULTS: The functional parameters of the skin barrier, such as barrier recovery rate, SC integrity, and SC hydration were significantly improved in the test cream-applied site compared to the vehicle cream-applied sites. Filaggrin and HAS3 levels were significantly higher in the sites applied with the test cream. Interleukin (IL)-1α levels were also significantly increased in these sites. IL-2, IL-6, IL-10, and IL-13 levels were significantly decreased in the test cream-applied sites. Lipid analyses showed that C18, C20, and total ceramide NP levels significantly increased in the sites where the test cream was applied. Also, C16, C18, C20, C24, and total ceramide NP levels were significantly elevated in the test cream-applied sites after acute barrier disruption.
CONCLUSION: Our results demonstrate that a lipid mixture enriched by CER (NP)* could recover the barrier function impaired by topical corticosteroid.","INTRODUCTION: The stratum corneum (SC) is a skin barrier that consists of corneocytes, intercellular lipids, and corneodesmosomes. Ceramides are composed of sphingoid bases linked with various types of fatty acids (FAs), and they are an essential constituent of SC intercellular lipids. Among their subtypes, ceramide NP with a phytosphingosine base is especially important. Most of the previous studies on barrier recovery have focused on a specific ceramide with a single chain FA, not with diverse chain lengths. Skin barrier function is impaired by various factors, including topical corticosteroid.
OBJECTIVE: We evaluated whether a lipid mixture enriched by ceramide NP with FAs of diverse chain lengths (CER [NP]*) can restore the skin barrier function impaired by topical corticosteroid.
METHODS: Twenty-seven healthy adult male volunteers were recruited. Topical corticosteroid was applied on both volar forearms of volunteers. Then, the test cream containing a lipid mixture with CER (NP)* was applied on the left forearm, and a vehicle cream without a lipid mixture was applied on the right forearm of each subject. The functional parameters of the skin barrier were compared before and after the treatment. Epidermal differentiation markers, hyaluronic acid synthase 3 (HAS3), cytokine levels, and the lipid profiles in the SC were analyzed.
RESULTS: The functional parameters of the skin barrier, such as barrier recovery rate, SC integrity, and SC hydration were significantly improved in the test cream-applied site compared to the vehicle cream-applied sites. Filaggrin and HAS3 levels were significantly higher in the sites applied with the test cream. Interleukin (IL)-1α levels were also significantly increased in these sites. IL-2, IL-6, IL-10, and IL-13 levels were significantly decreased in the test cream-applied sites. Lipid analyses showed that C18, C20, and total ceramide NP levels significantly increased in the sites where the test cream was applied. Also, C16, C18, C20, C24, and total ceramide NP levels were significantly elevated in the test cream-applied sites after acute barrier disruption.
CONCLUSION: Our results demonstrate that a lipid mixture enriched by CER (NP)* could recover the barrier function impaired by topical corticosteroid.",PMID:34348350:abstract:0,"Ceramide NP: disposition=candidate, in_final_result=True",Ceramide NP: non_clinical_study_design,topical,unknown,not_graded,relevant,efficacy,Ceramide NP,NOT_REVIEWED,EXCLUDE
38843906,Tranexamic Acid,Tranexamic acid as a therapeutic option for melasma management: meta-analysis and systematic review of randomized controlled trials.,"Purpose: This study aimed to evaluate the efficacy of tranexamic acid (TXA) in treating melasma through a meta-analysis and systematic review of randomized controlled trials (RCTs). The study focused on identifying associated adverse effects and comparing TXA's effectiveness with other melasma treatments.Materials and methods: Following PROSPERO and PRISMA guidelines, an extensive electronic search was conducted across four databases for RCTs on TXA use in melasma. Inclusion criteria encompassed full-text English articles with specific outcome measures, while studies with high bias risk or non-English publications were excluded. Data were extracted from 22 relevant studies and analyzed using the RevMan software, with heterogeneity identified using I² statistics and forest plots.Results: A total of 22 studies with 1280 patients were included. TXA was administered orally, topically, or via injection, with treatment durations ranging from 8 weeks to nearly 2 years. TXA significantly reduced melasma severity, evidenced by reductions in MASI, mMASI, MI, and hemi-MASI scores. Oral TXA showed the most substantial decrease in MASI scores, followed by injections and topical applications. However, studies exhibited high heterogeneity, particularly in combined treatments. Adverse effects included gastrointestinal discomfort, skin irritation, and menstrual irregularities.Conclusions: TXA is effective in treating melasma, either alone or combined with other treatments. Despite significant reductions in melasma severity, further research is necessary to standardize TXA administration methods and address long-term effects. The high heterogeneity observed suggests a need for more consistent treatment protocols.","Purpose: This study aimed to evaluate the efficacy of tranexamic acid (TXA) in treating melasma through a meta-analysis and systematic review of randomized controlled trials (RCTs). The study focused on identifying associated adverse effects and comparing TXA's effectiveness with other melasma treatments.Materials and methods: Following PROSPERO and PRISMA guidelines, an extensive electronic search was conducted across four databases for RCTs on TXA use in melasma. Inclusion criteria encompassed full-text English articles with specific outcome measures, while studies with high bias risk or non-English publications were excluded. Data were extracted from 22 relevant studies and analyzed using the RevMan software, with heterogeneity identified using I² statistics and forest plots.Results: A total of 22 studies with 1280 patients were included. TXA was administered orally, topically, or via injection, with treatment durations ranging from 8 weeks to nearly 2 years. TXA significantly reduced melasma severity, evidenced by reductions in MASI, mMASI, MI, and hemi-MASI scores. Oral TXA showed the most substantial decrease in MASI scores, followed by injections and topical applications. However, studies exhibited high heterogeneity, particularly in combined treatments. Adverse effects included gastrointestinal discomfort, skin irritation, and menstrual irregularities.Conclusions: TXA is effective in treating melasma, either alone or combined with other treatments. Despite significant reductions in melasma severity, further research is necessary to standardize TXA administration methods and address long-term effects. The high heterogeneity observed suggests a need for more consistent treatment protocols.",PMID:38843906:abstract:0,"Tranexamic Acid: disposition=candidate, in_final_result=True",Tranexamic Acid: route_unclear,unclear,review,not_graded,relevant,efficacy; precaution,Tranexamic Acid,NOT_REVIEWED,EXCLUDE
40177799,Allantoin,Efficacy and Safety of Topical Compound Heparin Sodium Allantoin Gel (Main Components: Onion Extract Quercetin) for the Treatment of Rosacea.,"BACKGROUND: The management of papulopustular rosacea presents a significant clinical challenge. Anti-inflammatory and vasoconstrictive treatments are ineffective in the rapid amelioration of the dryness, burning, and itching caused by skin barrier damage in patients with papulopustular rosacea.
AIMS: To assess the efficacy and safety of the topical application of compound heparin sodium allantoin gel to treat rosacea.
METHODS: Eighty-two patients participated in this randomized, prospective, single-center, and controlled trial. The Clinician Erythema Assessment score, Investigator Global Assessment score, transepidermal water loss, and skin hydration were evaluated at 0, 2, 4, 8, and 12 weeks. Rosacea-specific quality of life score, itching, dryness, burning, Global Aesthetic Improvement Scale, and Patient Self-Assessment grades were also assessed.
RESULTS: Compared with the traditional therapy group, the 8-week and 12-week topical application of compound heparin sodium allantoin gel to treat rosacea significantly decreased Clinician Erythema Assessment/Investigator Global Assessment grades, burning and itching grades, and rosacea-specific quality of life scores. Compound heparin sodium allantoin gel significantly improved the skin barrier with hydration and significantly decreased trans-epidermal water loss. For patients with Demodex infestation, externally applied compound heparin sodium allantoin gel was associated with better rosacea treatment outcomes and improved skin barrier function than externally applied hyaluronic acid. This may be attributable to the inhibition of abnormal demodex, improved skin barrier, and repair of minor skin wounds.
CONCLUSIONS: Compound heparin sodium allantoin gel effectively improved facial erythema, alleviated ithching and burning sensations, and improved patients' quality of life.
TRAIL REGISTRATION: ClinicalTrials.gov identifier: ChiCTR2400087948.","BACKGROUND: The management of papulopustular rosacea presents a significant clinical challenge. Anti-inflammatory and vasoconstrictive treatments are ineffective in the rapid amelioration of the dryness, burning, and itching caused by skin barrier damage in patients with papulopustular rosacea.
AIMS: To assess the efficacy and safety of the topical application of compound heparin sodium allantoin gel to treat rosacea.
METHODS: Eighty-two patients participated in this randomized, prospective, single-center, and controlled trial. The Clinician Erythema Assessment score, Investigator Global Assessment score, transepidermal water loss, and skin hydration were evaluated at 0, 2, 4, 8, and 12 weeks. Rosacea-specific quality of life score, itching, dryness, burning, Global Aesthetic Improvement Scale, and Patient Self-Assessment grades were also assessed.
RESULTS: Compared with the traditional therapy group, the 8-week and 12-week topical application of compound heparin sodium allantoin gel to treat rosacea significantly decreased Clinician Erythema Assessment/Investigator Global Assessment grades, burning and itching grades, and rosacea-specific quality of life scores. Compound heparin sodium allantoin gel significantly improved the skin barrier with hydration and significantly decreased trans-epidermal water loss. For patients with Demodex infestation, externally applied compound heparin sodium allantoin gel was associated with better rosacea treatment outcomes and improved skin barrier function than externally applied hyaluronic acid. This may be attributable to the inhibition of abnormal demodex, improved skin barrier, and repair of minor skin wounds.
CONCLUSIONS: Compound heparin sodium allantoin gel effectively improved facial erythema, alleviated ithching and burning sensations, and improved patients' quality of life.
TRAIL REGISTRATION: ClinicalTrials.gov identifier: ChiCTR2400087948.",PMID:40177799:abstract:0,"Quercetin: disposition=selected, in_final_result=True; Allantoin: disposition=selected, in_final_result=True",Allantoin: None; Quercetin: None,topical,human_study,direct_single_topical_human,relevant,efficacy; precaution,Allantoin,UNCERTAIN,EXCLUDE
40682399,Ceramide NP,"The Effectiveness and Safety of a Skin Care Product With Centella asiatica Leaf Extract, Ceramide NP, and Panthenol in Subjects With Sensitive Skin: A Prospective, Observational Study.","BACKGROUND: Sensitive skin is a hyperreactive condition with rising prevalence. A holistic skin care routine is crucial for management. Selecting appropriate skin care products is of great concern in clinical practice.
AIMS: To assess the effectiveness and safety of a facial cream containing Centella asiatica leaf extract, ceramide NP, and panthenol in Chinese females with sensitive skin.
METHODS: In this single-center, prospective, self-controlled study, 88 female participants applied the cream on their whole face, with follow-ups at Day 2, Weeks 1, 2, and 4. The primary endpoint was the change rate of the SS-10 global score at Week 2. Non-invasive skin parameters and subject self-assessment were conducted. Adverse events (AEs) were monitored.
RESULTS: Mean SS-10 scores dropped by 66% and 76% after 2 and 4 weeks. Four symptoms (skin irritation, tautness, itching, and redness) were significantly reduced. TEWL decreased at Weeks 1 and 2, and skin pH at Week 1 and Weeks 2 and 4. SCH increased at all time points and sebum secretion at Week 4. EI, a* value, and facial red area rapidly decreased. Greater improvements were seen in the sensitive skin group compared with the slightly sensitive skin group. All AEs were mild and self-limiting.
CONCLUSIONS: This study showed the facial cream was effective and safe for 4-week use. It provided immediate relief of facial redness and discomfort, strengthened skin barrier, and modulated pH and sebum secretion, indicating favorable soothing and barrier-repairing properties for sensitive skin.","BACKGROUND: Sensitive skin is a hyperreactive condition with rising prevalence. A holistic skin care routine is crucial for management. Selecting appropriate skin care products is of great concern in clinical practice.
AIMS: To assess the effectiveness and safety of a facial cream containing Centella asiatica leaf extract, ceramide NP, and panthenol in Chinese females with sensitive skin.
METHODS: In this single-center, prospective, self-controlled study, 88 female participants applied the cream on their whole face, with follow-ups at Day 2, Weeks 1, 2, and 4. The primary endpoint was the change rate of the SS-10 global score at Week 2. Non-invasive skin parameters and subject self-assessment were conducted. Adverse events (AEs) were monitored.
RESULTS: Mean SS-10 scores dropped by 66% and 76% after 2 and 4 weeks. Four symptoms (skin irritation, tautness, itching, and redness) were significantly reduced. TEWL decreased at Weeks 1 and 2, and skin pH at Week 1 and Weeks 2 and 4. SCH increased at all time points and sebum secretion at Week 4. EI, a* value, and facial red area rapidly decreased. Greater improvements were seen in the sensitive skin group compared with the slightly sensitive skin group. All AEs were mild and self-limiting.
CONCLUSIONS: This study showed the facial cream was effective and safe for 4-week use. It provided immediate relief of facial redness and discomfort, strengthened skin barrier, and modulated pH and sebum secretion, indicating favorable soothing and barrier-repairing properties for sensitive skin.",PMID:40682399:abstract:0,"Ceramide NP: disposition=candidate, in_final_result=True; Panthenol: disposition=candidate, in_final_result=False",Ceramide NP: non_clinical_study_design; Panthenol: non_clinical_study_design,topical,unknown,not_graded,relevant,efficacy; precaution,Ceramide NP,NOT_REVIEWED,KEEP
40826371,Tranexamic Acid,Microneedling-assisted delivery of metformin versus tranexamic acid in treating melasma: a randomized controlled study.,"BACKGROUND: Melasma is a common, relapsing hyperpigmentation disorder with limited long-term treatment success. Recent advances suggest that microneedling may enhance the transdermal delivery and efficacy of topical agents. This study compares the clinical outcomes of microneedling-assisted delivery of topical metformin and tranexamic acid (TXA) in the treatment of facial melasma, with modified Kligman's formula as a control.
OBJECTIVES: To evaluate and compare the efficacy, safety, and patient satisfaction of microneedling with topical metformin versus TXA in melasma patients.
METHODS: Forty-five female patients with facial melasma were randomized into three equal groups. Group A received microneedling with topical metformin; Group B received microneedling with topical TXA; Group C applied modified Kligman's formula nightly. Treatments were conducted over 8 weeks. Outcomes included changes in modified Melasma Area and Severity Index (mMASI), patient satisfaction scores, pain levels, and adverse events.
RESULTS: All groups showed significant mMASI reductions. Group B achieved the greatest reduction (mean 45.3%) followed by Group C (38.2%) and Group A (22.1%) (p < 0.001). Satisfaction scores were highest in Group B, with 33.3% reporting marked improvement. Minimal adverse events were reported across all groups, with no serious side effects. Pain scores were comparable between microneedling groups.
CONCLUSION: Microneedling with topical TXA demonstrated superior efficacy and patient satisfaction compared to metformin and Kligman's formula. While topical metformin showed some potential, its formulation and clinical utility require further study. Microneedling offers a promising approach to improve treatment outcomes in melisma.","BACKGROUND: Melasma is a common, relapsing hyperpigmentation disorder with limited long-term treatment success. Recent advances suggest that microneedling may enhance the transdermal delivery and efficacy of topical agents. This study compares the clinical outcomes of microneedling-assisted delivery of topical metformin and tranexamic acid (TXA) in the treatment of facial melasma, with modified Kligman's formula as a control.
OBJECTIVES: To evaluate and compare the efficacy, safety, and patient satisfaction of microneedling with topical metformin versus TXA in melasma patients.
METHODS: Forty-five female patients with facial melasma were randomized into three equal groups. Group A received microneedling with topical metformin; Group B received microneedling with topical TXA; Group C applied modified Kligman's formula nightly. Treatments were conducted over 8 weeks. Outcomes included changes in modified Melasma Area and Severity Index (mMASI), patient satisfaction scores, pain levels, and adverse events.
RESULTS: All groups showed significant mMASI reductions. Group B achieved the greatest reduction (mean 45.3%) followed by Group C (38.2%) and Group A (22.1%) (p < 0.001). Satisfaction scores were highest in Group B, with 33.3% reporting marked improvement. Minimal adverse events were reported across all groups, with no serious side effects. Pain scores were comparable between microneedling groups.
CONCLUSION: Microneedling with topical TXA demonstrated superior efficacy and patient satisfaction compared to metformin and Kligman's formula. While topical metformin showed some potential, its formulation and clinical utility require further study. Microneedling offers a promising approach to improve treatment outcomes in melisma.",PMID:40826371:abstract:0,"Tranexamic Acid: disposition=candidate, in_final_result=True",Tranexamic Acid: comparator_only,topical,human_study,not_graded,relevant,efficacy; precaution,Tranexamic Acid,NOT_REVIEWED,EXCLUDE
